1476,ARAZA,1000g,3,7500,22500
1476,FEIJOA,1000g,5,8000,40000
1476,GULUPA,1000g,5,8000,40000
1476,MARACUYA,1000g,3,8500,25500
1476,TAMARINDO,1000g,10,8000,80000
2001,LULO,1000g,1,6800,6800
2001,MANGO BICHE,1000g,4,7500,30000
2001,PIÑA,1000g,1,6800,6800
2002,GUAYABA,750g,3,4000,12000
2002,MANGO,750g,5,5200,26000
2002,MORA,750g,7,4950,34650
2002,PIÑA,1000g,5,6600,33000
2003,DURAZNO,125g,60,1100,66000
2003,FEIJOA,120g,40,800,32000
2003,FRESA,190g,200,1050,210000
2003,GUAYABA,750g,5,4000,20000
2003,GUAYABA,100g,40,660,26400
2003,LULO,120g,100,800,80000
2003,MANGO,750g,5,5200,26000
2003,MANGO  ,120g,70,800,56000
2003,MORA,750g,5,4950,24750
2003,MORA  ,110g,60,800,48000
2003,PIÑA,1000g,10,6600,66000
2003,UVA,180g,100,1200,120000
2004,FEIJOA,120g,20,800,16000
2004,FRESA,190g,50,1050,52500
2004,GUAYABA,750g,6,4000,24000
2004,LULO,120g,20,800,16000
2004,MANGO,750g,9,5200,46800
2004,MORA,750g,10,4950,49500
2004,PIÑA,1000g,6,6600,39600
2005,FRESA,1000g,2,6600,13200
2005,LULO,750g,2,7000,14000
2005,MANGO,750g,2,7500,15000
2005,MARACUYA,750g,1,7200,7200
2005,MORA,750g,1,7000,7000
2006,FRESA,1000g,1,6000,6000
2006,LULO,1000g,2,6800,13600
2006,MANGO,1000g,3,7500,22500
2006,MARACUYA,1000g,3,7200,21600
2007,FRESA,170g,10.2,4500,45900
2007,FRUTOS ROJOS,190g,3.8,7800,29640
2007,GUANABANA,130g,6.5,6000,39000
2007,MANGO,120g,9.6,7500,72000
2007,MARACUYA,110g,8.8,8500,74800
2007,MORA,700g,7,6000,42000
2007,MORA,150g,12,6000,72000
2007,TAMARINDO,100g,3,9000,27000
2007,UVA,200g,10,5000,50000
2008,FEIJOA,120g,30,800,24000
2008,FRESA ,190g,100,1050,105000
2008,LULO,750g,10,4950,49500
2008,LULO,120g,50,800,40000
2008,MANGO,100g,50,800,40000
2008,MORA,750g,10,4950,49500
2009,CONF. DE CEBOLLA AL VINO,250g,2,7500,15000
2009,ENCURTIDO DE ALCACHOFAS,250g,2,8000,16000
2009,ENCURTIDO DE ALCACHOFAS,500g,1,15000,15000
2009,ENCURTIDO DE BERENJENA CON PIMENTON ,250g,2,7500,15000
2009,ENCURTIDO DE BERENJENA CON PIMENTON ,500g,2,12000,24000
2009,ENCURTIDO DE CHAMPI�ONES A LA GRIEGA,250g,1,5000,5000
2009,ENCURTIDO DE PIMENTON CONFITADO,250g,2,7500,15000
2009,ENCURTIDO DE ZUQUINIS CON ESPECIUAS,500g,2,9000,18000
2009,MERMELADA DE NARANJA CON ANIS,250g,1,7000,7000
2009,MERMELADA DE NARANJA CON ANIS,500g,1,10000,10000
2009,MERMELADA DE NARANJA CON JENGIBRE,250g,1,7000,7000
2009,MERMELADA DE UVA,250g,1,6600,6600
2010,FRESA,1000g,2,6000,12000
2010,GUANABANA,1000g,1,7500,7500
2010,LULO,1000g,1,6500,6500
2010,MANGO,1000g,2,7500,15000
2010,MARACUYA,1000g,2,7200,14400
2010,MORA,1000g,2,6600,13200
2011,FRESA,170g,11.9,4500,53550
2011,FRUTOS ROJOS,190g,13.3,7800,103740
2011,GUANABANA,130g,6.5,6000,39000
2011,MANGO,120g,6,6600,39600
2011,MARACUYA,110g,5.5,8500,46750
2011,MORA,150g,10.5,6000,63000
2012,FEIJOA,150g,10,1060,10600
2012,FEIJOA,170g,10,1200,12000
2012,FRESA,200g,130,1000,130000
2012,FRESA,150g,10,750,7500
2012,FRUTOS ROJOS,1000g,2,8500,17000
2012,GUANABANA,180g,90,1620,145800
2012,GUANABANA,150g,10,1350,13500
2012,LULO,150g,10,1020,10200
2012,MANGO,170g,80,1175,94000
2012,MANGO,150g,20,1040,20800
2012,MARACUYA,150g,10,1320,13200
2012,MORA,125g,20,950,19000
2012,SANDIA,200g,70,900,63000
2012,SANDIA,180g,10,810,8100
2012,UVA,150g,10,1170,11700
2013,FRESA,1000g,2,6000,12000
2013,GUANABANA,1000g,2,7500,15000
2013,LULO,1000g,2,6800,13600
2013,MANGO,1000g,2,7500,15000
2013,MARACUYA,1000g,2,7500,15000
2013,MORA,1000g,2,6800,13600
2014,FRESA,1000g,4,6000,24000
2014,GUANABANA,1000g,4,7500,30000
2014,LULO,1000g,4,6600,26400
2014,MANGO,1000g,4,6800,27200
2014,MORA,1000g,4,6600,26400
2015,DURAZNO,1000g,2,7500,15000
2015,MANGO,1000g,2,7000,14000
2015,PIÑA,1000g,2,6600,13200
2016,FRESA,190g,60,1050,63000
2016,MANGO,120g,20,800,16000
2016,MORA,750g,7,4950,34650
2016,PIÑA,1000g,8,6600,52800
2016,UVA,180g,20,1200,24000
2017,GUAYABA,1000g,4,5000,20000
2017,MANGO,1000g,5,7500,37500
2017,MARACUYA GULUPA,1000g,4,7200,28800
2017,MORA,1000g,8,6200,49600
2017,PIÑA,1000g,2,6200,12400
2017,TOMATE DE ARBOL,1000g,4,5000,20000
2018,CURUBA,1000g,2,5500,11000
2018,DURAZNO,1000g,8,6800,54400
2018,FRESA,1000g,4,5500,22000
2018,GUANABANA,1000g,2,7200,14400
2018,LULO,1000g,8,6000,48000
2019,FRESA,1000g,2,6600,13200
2019,LULO,750g,1,7000,7000
2019,MANGO,750g,1,7500,7500
2019,MARACUYA,750g,1,7200,7200
2019,MORA,750g,2,7000,14000
2020,FRESA,1000g,2,5500,11000
2020,LULO,1000g,2,6200,12400
2020,LULO,1000g,3,6200,18600
2020,MANGO,1000g,4,6200,24800
2020,MORA,1000g,2,6200,12400
2020,MORA,1000g,3,6200,18600
2021,FEIJOA,1000g,6,6800,40800
2021,FRESA,1000g,9,6000,54000
2021,GUANABANA,1000g,7,7500,52500
2021,GUAYABA,1000g,2,6000,12000
2021,LULO,1000g,10,6500,65000
2021,MANGO,1000g,10,6800,68000
2021,MARACUYA,1000g,1,7200,7200
2021,MORA,1000g,6,6600,39600
2022,FEIJOA,170g,60,1200,72000
2022,FEIJOA,150g,10,1060,10600
2022,FRESA,200g,80,1000,80000
2022,FRUTOS ROJOS,1000g,2,8500,17000
2022,GUANABANA,180g,60,1620,97200
2022,GUANABANA,150g,20,1350,27000
2022,LULO,150g,20,1020,20400
2022,MANGO,170g,90,1175,105750
2022,MANGO,150g,50,1040,52000
2022,MORA,125g,10,950,9500
2022,MORA,50g,20,380,7600
2022,PIÑA,150g,10,990,9900
2022,SANDIA,200g,20,900,18000
2022,SANDIA,180g,20,810,16200
2022,SANDIA,70g,30,350,10500
2022,UVA,150g,10,1170,11700
2022,UVA,200g,20,1550,31000
2023,FRESA,190g,20,1050,21000
2023,LULO,120g,40,800,32000
2023,LULO,750g,5,4950,24750
2023,MANGO,750g,5,5200,26000
2023,MORA,750g,5,4950,24750
2023,UVA,180g,30,1200,36000
2024,DURAZNO,125g,30,1100,33000
2024,FEIJOA,120g,50,800,40000
2024,FRESA,190g,60,1050,63000
2024,GUAYABA,100g,10,660,6600
2024,GUAYABA,750g,5,4000,20000
2024,LULO,120g,60,800,48000
2024,MANGO,100g,60,800,48000
2024,MANGO,750g,5,5200,26000
2024,MORA,110g,20,800,16000
2024,MORA,750g,5,4950,24750
2024,UVA,180g,60,1200,72000
2025,FRESA,190g,80,1050,84000
2025,GUAYABA,100g,20,660,13200
2025,LULO,120g,40,800,32000
2025,MANGO,100g,20,800,16000
2025,MANGO,750g,7,5200,36400
2025,MORA,110g,40,800,32000
2025,MORA,750g,3,4950,14850
2025,PIÑA,1000g,10,6600,66000
2025,UVA,180g,40,1200,48000
2026,FRESA,190g,100,1050,105000
2026,GUAYBA,750g,5,4000,20000
2026,LULO,120g,20,800,16000
2026,LULO,750g,5,4950,24750
2026,MANGO,120g,40,800,32000
2026,MORA,750g,5,4950,24750
2026,PIÑA,1000g,5,6600,33000
2026,UVA,180g,40,1200,48000
2027,FEIJOA,120g,40,800,32000
2027,FRESA,190g,80,1050,84000
2027,GUAYABA,100g,50,660,33000
2027,GUAYABA,750g,5,4000,20000
2027,LULO,120g,50,800,40000
2027,LULO,750g,10,4950,49500
2027,MANGO,100g,80,800,64000
2027,MORA,110g,50,800,40000
2027,MORA,750g,10,4950,49500
2027,PIÑA,1000g,5,6600,33000
2028,MANGO,1000g,2,6200,12400
2028,MARACUYA,1000g,2,7000,14000
2028,MARACUYA,1000g,1,7500,7500
2028,MORA,1000g,2,6200,12400
2029,FRUTOS ROJOS,1000g,2,8000,16000
2029,LULO,1000g,2,7000,14000
2029,MORA,1000g,2,7000,14000
2030,CURUBA,140g,4.2,6000,25200
2030,FRESA,170g,8.5,4500,38250
2030,FRUTOS ROJOS,190g,9.5,7800,74100
2030,MANGO,120g,6,6600,39600
2030,MARACUYA,110g,5.5,8500,46750
2030,MORA,700g,7,6000,42000
2030,MORA,150g,7.5,6000,45000
2031,FRESA,1000g,1,6800,6800
2031,GUANABANA,1000g,1,7500,7500
2031,LULO,1000g,1,6800,6800
2031,MORA,1000g,1,6800,6800
2031,UVA,1000g,1,7000,7000
2032,FRESA,130g,50,750,37500
2032,GUANABANA,130g,30,1000,30000
2032,LULO,130g,30,750,22500
2032,MANGO,130g,50,1000,50000
2032,UVA,130g,30,800,24000
2033,FRESA,130g,50,750,37500
2033,GUANABANA,130g,30,1000,30000
2033,LULO,130g,20,750,15000
2033,UVA,130g,50,800,40000
2034,FRESA,1000g,2,6600,13200
2034,LULO,1000g,2,6600,13200
2034,MANGO BICHE,1000g,1,7500,7500
2034,MARACUYA,1000g,1,7500,7500
2034,PIÑA,1000g,2,6800,13600
2035,MANGO BICHE,1000g,1,7500,7500
2035,TAMARINDO,1000g,2,9000,18000
2036,TAMARINDO,100g,1,9000,9000
2037,FRESA,170g,11.9,4500,53550
2037,FRUTOS ROJOS,190g,9.5,7800,74100
2037,GUANABANA,130g,7.8,6000,46800
2037,MANGO,120g,8.4,6600,55440
2037,MARACUYA,110g,6.6,8500,56100
2037,MORA,700g,10.5,6000,63000
2037,MORA,150g,5.25,6000,31500
2037,TOMATE DE ARBOL,110g,2.6,4500,11700
2038,ARAZA,100g,20,660,13200
2038,LULO,120g,20,800,16000
2038,LULO,750g,3,4950,14850
2038,MANGO,120g,20,800,16000
2038,MANGO,750g,3,5200,15600
2038,MORA,110g,20,800,16000
2038,UVA,180g,20,1200,24000
2039,DURAZNO,125g,20,1100,22000
2039,FRESA,190g,50,1050,52500
2039,LULO,750g,6,4950,29700
2039,MANGO,100g,20,800,16000
2039,PIÑA,1000g,7,4950,34650
2040,MANGO BICHE,1000g,2,7500,15000
2040,TAMARINDO,1000g,2,9000,18000
2041,FRESA,1000g,4,6000,24000
2041,GUANABANA,1000g,4,7500,30000
2041,LULO,1000g,3,6500,19500
2041,MANGO,1000g,3,6800,20400
2041,MORA,1000g,3,6600,19800
2042,FRESA,1000g,4,6000,24000
2042,GUANABANA,1000g,2,7500,15000
2042,LULO,1000g,2,6500,13000
2042,MANGO,1000g,3,6800,20400
2042,MORA,1000g,1,6600,6600
2043,GULUPA,1000g,3,8000,24000
2043,TAMARINDO,1000g,10,9000,90000
2044,DURAZNO,125g,20,1100,22000
2044,FEIJOA,120g,20,800,16000
2044,FRESA,190g,40,1050,42000
2044,LULO,120g,70,800,56000
2044,MANGO,100g,30,800,24000
2044,UVA,180g,20,1200,24000
2046,FRESA,1000g,2,6000,12000
2046,GUANABANA,1000g,1,7500,7500
2046,LULO,1000g,1,6500,6500
2046,MANGO,1000g,2,7500,15000
2046,MORA,1000g,2,6600,13200
2047,DURAZNO,125g,20,1100,22000
2047,FEIJOA,120g,30,800,24000
2047,FRESA,190g,80,1050,84000
2047,GUAYABA,750g,5,4000,20000
2047,LULO,120g,20,800,16000
2047,LULO,750g,10,4950,49500
2047,MANGO,120g,20,800,16000
2047,MORA,110g,30,800,24000
2047,MORA,750g,5,4950,24750
2047,UVA,180g,20,1200,24000
2048,GUAYABA,750g,4,4000,16000
2048,LULO,750g,6,4950,29700
2048,MORA,750g,5,4950,24750
2048,PIÑA,1000g,5,6600,33000
2049,FRESA,1000g,2,5500,11000
2049,LULO,1000g,2,6200,12400
2049,MARACUYA,1000g,2,7000,14000
2049,PIÑA,1000g,2,6200,12400
2050,FRESA,1000g,2,6600,13200
2050,GUANABANA,1000g,2,7800,15600
2050,LULO,750g,2,7000,14000
2050,MARACUYA,750g,2,7200,14400
2050,MORA,750g,2,7000,14000
2051,FEIJOA,1000g,1,6800,6800
2051,FRESA,1000g,2,6000,12000
2051,GUANABANA,1000g,2,7500,15000
2051,LULO,1000g,2,6500,13000
2051,MORA,1000g,1,6600,6600
2052,FEIJOA,150g,10,1060,10600
2052,FEIJOA,170g,20,1200,24000
2052,FRESA,200g,90,1000,90000
2052,GUANABANA,150g,10,1350,13500
2052,LULO,150g,20,1020,20400
2052,MANGO,170g,80,1175,94000
2052,MARACUYA,150g,10,1320,13200
2052,MELON,200g,20,980,19600
2052,MORA,125g,20,950,19000
2052,SMOTHIE MLF,200g,40,1350,54000
2052,UVA,150g,10,1170,11700
2052,UVA,200g,30,1550,46500
2053,FRESA,190g,3,6000,18000
2053,GUANABANA,750g,2,7500,15000
2053,LULO,1000g,2,6500,13000
2053,MANGO,750g,3,6800,20400
2053,MORA,1000g,2,6600,13200
2054,FRESA,1000g,3,6600,19800
2054,LULO,1000g,2,6600,13200
2054,MANGO BICHE,750g,3,7500,22500
2054,MARACUYA,1000g,2,7500,15000
2054,MORA,1000g,1,6600,6600
2054,PIÑA,1000g,3,6800,20400
2054,TAMARINDO,750g,2,9000,18000
2055,FRESA,190g,80,1050,84000
2055,GUAYABA,100g,20,660,13200
2055,LULO,120g,40,800,32000
2055,MANGO,100g,20,800,16000
2055,MANGO,750g,7,5200,36400
2055,MORA,110g,40,800,32000
2055,MORA  ,750g,3,4950,14850
2055,PIÑA ,1000g,10,6600,66000
2055,UVA,180g,40,1200,48000
2056,CURUBA,125g,10,800,8000
2056,FEIJOA,120g,50,800,40000
2056,FRESA,190g,100,1050,105000
2056,FRESA ,1000g,7,6600,46200
2056,FRESA ,750g,10,6000,60000
2056,LULO,120g,40,800,32000
2056,MANGO,100g,30,800,24000
2056,MANGO,1000g,15,6800,102000
2056,MORA,110g,40,800,32000
2056,UVA,180g,50,1200,60000
2057,FEIJOA,150g,10,1060,10600
2057,FEIJOA,170g,20,1200,24000
2057,FRESA ,200g,50,1000,50000
2057,FRUTOS ROJOS,1000g,5,8500,42500
2057,GUANABANA,180g,80,1620,129600
2057,GUANABANA,150g,10,1350,13500
2057,LULO,150g,30,1020,30600
2057,MANGO,170g,60,1175,70500
2057,MANGO,150g,40,1040,41600
2057,MARACUYA ,150g,10,1320,13200
2057,MELON,200g,20,980,19600
2057,MORA,125g,20,950,19000
2057,MORA  ,50g,20,380,7600
2057,SANDIA,180g,10,810,8100
2057,SANDIA,200g,30,900,27000
2057,SMOTHIE MLF,200g,10,1350,13500
2057,UVA,150g,10,1170,11700
2057,UVA,200g,10,1550,15500
2058,FEIJOA,170g,20,1200,24000
2058,FEIJOA,200g,60,1000,60000
2058,GUANABANA,180g,20,1620,32400
2058,MANGO,170g,20,1175,23500
2058,UVA,200g,20,1550,31000
2059,FRESA ,750g,2,4300,8600
2059,LULO,750g,2,4950,9900
2059,MANGO,750g,2,4950,9900
2059,MARACUYA,1000g,2,7000,14000
2059,PIÑA ,1000g,2,6200,12400
2059,TOMATE DE ARBOL,750g,2,4300,8600
2060,DURAZNO,1000g,2,7200,14400
2060,FEIJOA,1000g,2,6800,13600
2060,FRESA,1000g,2,6800,13600
2060,GUANABANA,1000g,2,7500,15000
2060,LULO,1000g,2,6800,13600
2060,MANGO,1000g,2,7500,15000
2060,MARACUYA,1000g,2,7500,15000
2060,MORA,1000g,2,6800,13600
2060,PIÑA,1000g,2,6800,13600
2060,UVA,1000g,2,7000,14000
2061,FRESA ,170g,10.2,4500,45900
2061,FRUTOS ROJOS,160g,9.6,7800,74880
2061,GUANABANA,130g,7.8,6000,46800
2061,MANGO,120g,7.2,6600,47520
2061,MARACUYA ,110g,6.6,8500,56100
2061,MORA  ,700g,4.2,6000,25200
2061,MORA  ,150g,9,6000,54000
2061,TAMARINDO,100g,2,9000,18000
2062,FRESA ,170g,10.2,4500,45900
2062,FRUTOS ROJOS,160g,9.6,7800,74880
2062,GUANABANA,130g,6.5,6000,39000
2062,MANGO,120g,6,6600,39600
2062,MARACUYA ,110g,5.5,8500,46750
2062,MORA  ,700g,3.5,6000,21000
2062,MORA  ,150g,9,6000,54000
2062,TAMARINDO,100g,2,9000,18000
2062,UVA,200g,4,5000,20000
2063,LULO,1000g,1,6600,6600
2063,MANGO BICHE,1000g,2,7500,15000
2063,PIÑA,1000g,2,6800,13600
2063,TAMARINDO,1000g,1,9000,9000
2064,FRESA,1000g,3,6000,18000
2064,GUANABANA,1000g,3,7500,22500
2064,LULO,1000g,3,6500,19500
2064,MANGO,1000g,4,6800,27200
2064,MORA,1000g,2,6600,13200
2065,GULUPA,1000g,6,8000,48000
2065,LULO,1000g,3,6800,20400
2065,MANGO,1000g,3,7500,22500
2065,TAMARINDO,1000g,10,9000,90000
2066,DURAZNO,1000g,1,11000,11000
2066,FRESA ,1000g,1,7500,7500
2066,FRUTOS ROJOS,1000g,1,11000,11000
2066,GUANABANA,1000g,1,11000,11000
2066,LULO,1000g,1,8500,8500
2066,MANGO,1000g,1,9500,9500
2066,PIÑA ,1000g,1,8500,8500
2066,UVA,1000g,1,9000,9000
2067,GUANABANA,130g,10,1000,10000
2067,LULO,130g,30,750,22500
2067,MANGO,130g,30,1000,30000
2068,FRESA,1000g,2,6000,12000
2068,GUANABANA,1000g,1,7500,7500
2068,LULO,1000g,3,6500,19500
2068,MANGO,1000g,2,6800,13600
2068,MANGO,1000g,3,6800,20400
2068,MORA,1000g,2,6600,13200
2069,DURAZNO,125g,30,1100,33000
2069,FEIJOA,120g,20,800,16000
2069,FRESA,190g,50,1050,52500
2069,LULO,120g,40,800,32000
2069,LULO,750g,16,4950,79200
2069,MANGO,100g,50,800,40000
2069,MORA,110g,20,800,16000
2069,MORA  ,750g,10,4950,49500
2069,PIÑA ,1000g,10,6600,66000
2069,UVA,180g,30,1200,36000
2070,FRESA,190g,40,1050,42000
2070,LULO,120g,20,800,16000
2070,MANGO,120g,30,800,24000
2070,MORA,110g,40,800,32000
2070,PIÑA ,1000g,4,6600,26400
2070,TOMATE  DE ARBOL,750g,4,4950,19800
2070,UVA,180g,20,1200,24000
2071,FRESA,1000g,1,6000,6000
2071,GUANABANA,1000g,1,7500,7500
2071,LULO,1000g,1,6500,6500
2071,MANGO,1000g,3,6800,20400
2071,MARACUYA,1000g,3,7500,22500
2071,MORA,1000g,1,6600,6600
2072,CURUBA,1000g,3,5500,16500
2072,DURAZNO,1000g,5,6800,34000
2072,FRESA,1000g,8,5500,44000
2072,GUANABANA,1000g,2,7200,14400
2072,GUAYABA,1000g,4,5000,20000
2072,LULO,1000g,8,6000,48000
2072,MANGO,1000g,8,7500,60000
2072,MARACUYA GULUPA,1000g,4,7200,28800
2072,MORA,1000g,8,6200,49600
2072,PIÑA,1000g,4,6200,24800
2072,TOMATE  DE ARBOL,1000g,4,5000,20000
2073,FEIJOA,170g,40,1200,48000
2073,FRESA ,200g,90,1000,90000
2073,GUANABANA,150g,20,1350,27000
2073,GUANABANA,180g,70,1620,113400
2073,LULO,150g,20,1020,20400
2073,MANGO BICHE,50g,20,400,8000
2073,MANGO,150g,40,1040,41600
2073,MANGO,170g,70,1175,82250
2073,MORA  ,125g,30,950,28500
2073,PIÑA ,150g,10,990,9900
2073,SANDIA,200g,20,900,18000
2073,SANDIA,70g,20,350,7000
2073,UVA,150g,10,1170,11700
2073,UVA,200g,20,1550,31000
2074,FRESA,1000g,3,6600,19800
2074,GUANABANA,1000g,2,7500,15000
2074,LULO,750g,2,7000,14000
2074,MANGO,750g,1,7500,7500
2074,MARACUYA ,750g,3,7200,21600
2075,FEIJOA,1000g,2,6800,13600
2075,FRESA,1000g,2,6000,12000
2075,GUANABANA,1000g,2,7500,15000
2075,LULO,1000g,3,6500,19500
2075,MANGO,1000g,1,6800,6800
2075,MARACUYA,1000g,1,7500,7500
2075,MORA,1000g,1,6600,6600
2076,DURAZNO,1000g,2,7500,15000
2076,DURAZNO,1000g,2,7500,15000
2076,GUANABANA,1000g,2,7500,15000
2076,GUANABANA,1000g,2,7500,15000
2076,GUAYABA,1000g,2,6800,13600
2076,GUAYABA,1000g,2,6800,13600
2076,MANGO,750g,2,7000,14000
2076,MANGO,750g,2,7000,14000
2076,PIÑA,1000g,4,6600,26400
2076,PIÑA,1000g,4,6600,26400
2077,FEIJOA,1000g,3,8000,24000
2077,MANGO,1000g,2,7500,15000
2077,MARACUYA,1000g,3,8500,25500
2077,TAMARINDO,1000g,8,9000,72000
2078,CURUBA,1000g,2,6600,13200
2078,FRESA ,750g,2,4300,8600
2078,LULO,750g,2,4950,9900
2078,MANGO,750g,2,4950,9900
2078,MARACUYA,1000g,2,7000,14000
2078,PIÑA ,1000g,2,6200,12400
2078,TOMATE DE ARBOL,750g,2,4300,8600
2079,FEIJOA,1000g,1,6800,6800
2079,FRESA,1000g,3,6000,18000
2079,GUANABANA,1000g,2,7500,15000
2079,LULO,1000g,3,6500,19500
2079,MANGO,1000g,3,6800,20400
2079,MORA,1000g,2,6600,13200
2080,FRESA,130g,30,750,22500
2080,GUANABANA,130g,30,1000,30000
2080,LULO,130g,30,750,22500
2080,MANGO,130g,30,1000,30000
2080,UVA,130g,30,1000,30000
2081,FRUTOS ROJOS,1000g,2,8000,16000
2081,LULO,1000g,2,7000,14000
2081,MORA,1000g,2,7000,14000
2082,ARAZA,1000g,6,7200,43200
2082,FALAFELS,1u,1870,350,654500
2083,MANGO,1000g,3,6800,20400
2083,MARACUYA,1000g,3,7500,22500
2083,MORA,1000g,2,6800,13600
2084,FEIJOA,120g,20,800,16000
2084,FRESA,190g,50,1050,52500
2084,GUAYABA,100g,30,660,19800
2084,GUAYABA,750g,10,4000,40000
2084,LULO,120g,60,800,48000
2084,LULO,750g,10,4950,49500
2084,MANGO,100g,20,800,16000
2084,MANGO,750g,10,5200,52000
2084,MORA,110g,50,800,40000
2084,UVA,180g,20,1200,24000
2085,DURAZNO,125g,10,1100,11000
2085,FEIJOA,120g,20,800,16000
2085,GUAYABA,750g,4,4000,16000
2085,LULO,120g,20,800,16000
2085,MANGO,120g,30,800,24000
2085,MANGO,750g,6,5200,31200
2085,MORA,110g,20,800,16000
2085,MORA  ,750g,10,4950,49500
2085,UVA,180g,40,1200,48000
2086,FRESA,1000g,3,6000,18000
2086,GUANABANA,1000g,2,7500,15000
2086,MANGO,1000g,3,7500,22500
2086,MARACUYA,1000g,2,7500,15000
2086,MORA,1000g,2,6800,13600
2087,MANGO,1000g,3,6000,18000
2088,FRESA,1000g,2,6000,12000
2088,LULO,1000g,1,6600,6600
2088,MANGO BICHE,1000g,3,7500,22500
2088,MARACUYA,1000g,2,7500,15000
2088,PIÑA,1000g,1,6800,6800
2088,TAMARINDO,1000g,1,9000,9000
2089,CURUBA,1000g,2,6200,12400
2089,FRESA ,750g,2,4300,8600
2089,LULO,750g,2,4950,9900
2089,MARACUYA,1000g,2,7000,14000
2089,PIÑA ,1000g,2,6200,12400
2089,TOMATE DE ARBOL,1000g,2,5500,11000
2090,FEIJOA,1000g,2,6800,13600
2090,FRESA,1000g,4,6000,24000
2090,GUANABANA,1000g,3,7500,22500
2090,LULO,1000g,4,6500,26000
2090,MANGO,1000g,4,6800,27200
2090,MARACUYA,1000g,2,7200,14400
2090,MORA,1000g,3,6600,19800
2091,FEIJOA,1000g,1,6800,6800
2091,FRESA,1000g,3,6000,18000
2091,GUANABANA,1000g,3,7500,22500
2091,LULO,1000g,3,6500,19500
2091,MANGO,1000g,2,6800,13600
2091,MARACUYA,1000g,2,7200,14400
2091,MORA,1000g,1,6600,6600
2092,CURUBA,1000g,1,6500,6500
2092,DURAZNO,1000g,1,6800,6800
2092,FRESA,1000g,1,6000,6000
2092,FRUTOS ROJOS,1000g,2,7200,14400
2092,GUANABANA,1000g,3,7500,22500
2092,MANGO,1000g,2,6800,13600
2092,MARACUYA ,1000g,2,7500,15000
2092,MORA,1000g,2,6500,13000
2092,UVA,1000g,1,6800,6800
2093,FRESA,1000g,2,6000,12000
2093,FRUTOS ROJOS,1000g,2,7200,14400
2093,GUANABANA,1000g,2,7500,15000
2093,LULO,1000g,2,6800,13600
2093,MANGO,1000g,2,6800,13600
2093,MARACUYA ,1000g,2,7500,15000
2093,MORA,1000g,2,6500,13000
2094,FRESA,130g,30,750,22500
2094,GUANABANA,130g,10,1000,10000
2094,LULO,130g,30,750,22500
2094,MANGO,130g,40,1000,40000
2094,UVA,130g,30,1000,30000
2095,CURUBA,140g,7,6000,42000
2095,FRESA ,170g,5.1,4500,22950
2095,GUANABANA,130g,3.9,6000,23400
2095,GUAYABA,130g,5.2,6000,31200
2095,TAMARINDO,100g,3,9000,27000
2095,UVA,200g,4,5000,20000
2096,FEIJOA,1000g,2,6800,13600
2096,FRESA,1000g,2,6000,12000
2096,GUANABANA,1000g,1,7500,7500
2096,LULO,1000g,2,6500,13000
2096,MORA,1000g,2,6600,13200
2097,FEIJOA,150g,10,1060,10600
2097,FRESA ,200g,60,1000,60000
2097,GUANABANA,150g,20,1350,27000
2097,GUANABANA,180g,30,1620,48600
2097,LULO,140g,20,630,12600
2097,LULO,150g,20,1020,20400
2097,MANGO,170g,40,1175,47000
2097,MORA  ,50g,20,380,7600
2097,SANDIA,180g,10,810,8100
2097,SANDIA,200g,40,900,36000
2097,SMOTHIE MLF,200g,20,1350,27000
2098,FRESA,190g,60,1050,63000
2098,GUAYABA,100g,20,660,13200
2098,LULO,750g,4,4950,19800
2098,MORA,110g,20,800,16000
2098,MORA X750,750g,3,4950,14850
2098,PIÑA ,1000g,3,6600,19800
2098,UVA,180g,30,1200,36000
2099,DURAZNO,125g,40,1100,44000
2099,FEIJOA,120g,40,800,32000
2099,GUAYABA,750g,6,4000,24000
2099,LULO,120g,30,800,24000
2099,LULO,750g,10,4950,49500
2099,MANGO,100g,40,800,32000
2099,MORA,750g,10,4950,49500
2099,MORA,110g,40,800,32000
2099,PIÑA ,1000g,7,6600,46200
2099,TOMATE DE ARBOL,750g,7,4950,34650
2099,UVA,180g,30,1200,36000
2100,ARAZA,1000g,2,6800,13600
2100,FEIJOA,1000g,2,6800,13600
2100,GULUPA,1000g,4,8000,32000
2100,LULO,1000g,2,6800,13600
2100,MANGO,1000g,2,6800,13600
2100,MARACUYA,1000g,2,8000,16000
2100,TAMARINDO,1000g,5,9000,45000
2101,MANGO,1000g,2,7500,15000
2101,PIÑA,1000g,2,6800,13600
2101,TOMATE  DE ARBOL,1000g,2,6600,13200
2102,LULO,750g,2,7000,14000
2102,MANGO,750g,2,7500,15000
2102,MORA,750g,1,6800,6800
2103,FRESA,190g,100,1050,105000
2103,MORA  ,750g,3,4950,14850
2103,PIÑA ,1000g,4,6600,26400
2103,TOMATE DE ARBOL,750g,3,4950,14850
2104,ARAZA,100g,10,660,6600
2104,DURAZNO,125g,30,1100,33000
2104,FRESA,190g,60,1050,63000
2104,GUAYABA,750g,8,4000,32000
2104,MANGO,120g,50,800,40000
2104,MANGO,750g,8,5200,41600
2104,MORA,110g,20,800,16000
2104,TOMATE DE ARBOL,750g,8,4950,39600
2104,UVA,180g,40,1200,48000
2105,TAMARINDO,1000g,10,9000,90000
2106,CURUBA,750g,2,4950,9900
2106,FRESA ,750g,2,4300,8600
2106,MANGO,1000g,2,6600,13200
2106,MARACUYA ,750g,2,5500,11000
2106,PIÑA ,1000g,2,6200,12400
2106,TOMATE DE ARBOL,750g,2,4300,8600
2107,FRESA,1000g,2,6000,12000
2107,GUANABANA,1000g,2,7500,15000
2107,LULO,1000g,2,6500,13000
2107,MANGO,1000g,3,6800,20400
2107,MORA,1000g,2,6600,13200
2108,FEIJOA,1000g,1,6800,6800
2108,FRESA,1000g,3,6000,18000
2108,GUANABANA,1000g,2,7500,15000
2108,GUAYABA,1000g,1,6000,6000
2108,LULO,1000g,3,6500,19500
2108,MANGO,1000g,3,6800,20400
2108,MORA,1000g,2,6600,13200
2109,FRESA,1000g,2,6000,12000
2109,MANGO,1000g,2,7000,14000
2109,MORA,1000g,1,6800,6800
2109,PIÑA,1000g,1,6800,6800
2109,TAMARINDO,1000g,1,9000,9000
2110,FRESA ,170g,10.2,4500,45900
2110,GUANABANA,130g,7.8,6000,46800
2110,MANGO,120g,7.2,6600,47520
2110,MORA,700g,4,6000,24000
2110,MORA  ,150g,4.5,6000,27000
2110,MORA  ,150g,10.5,6000,63000
2111,FEIJOA,120g,20,800,16000
2111,FRESA,190g,50,1050,52500
2111,GUAYABA,750g,2,4000,8000
2111,PIÑA ,1000g,3,6600,19800
2112,FEIJOA,120g,20,800,16000
2112,FRESA,190g,60,1050,63000
2112,GUAYABA,100g,20,660,13200
2112,GUAYABA,750g,4,4000,16000
2112,LULO,120g,20,800,16000
2112,MANGO,120g,30,800,24000
2112,MORA  ,750g,4,4950,19800
2112,PIÑA ,1000g,3,6600,19800
2112,TOMATE DE ARBOL,750g,5,4950,24750
2112,UVA,180g,30,1200,36000
2113,FEIJOA,1000g,2,6800,13600
2113,FRESA,1000g,4,6000,24000
2113,GUANABANA,1000g,3,7500,22500
2113,LULO,1000g,3,6500,19500
2113,MANGO,1000g,4,6800,27200
2113,MARACUYA,1000g,2,7500,15000
2113,MORA,1000g,2,6600,13200
2114,FRESA,1000g,2,6000,12000
2114,LULO,1000g,2,6800,13600
2114,MANGO,1000g,3,7000,21000
2114,MARACUYA,1000g,1,7500,7500
2114,PIÑA,1000g,2,6600,13200
2115,MANGO,1000g,3,7000,21000
2115,MORA,1000g,2,6800,13600
2115,UVA,1000g,2,6800,13600
2116,FEIJOA,150g,10,1060,10600
2116,FEIJOA,170g,80,1200,96000
2116,FRESA ,200g,130,1000,130000
2116,GUANABANA,150g,10,1350,13500
2116,GUANABANA,180g,50,1620,81000
2116,LULO,150g,20,1020,20400
2116,MANGO BICHE,50g,10,400,4000
2116,MANGO,150g,30,1040,31200
2116,MANGO,170g,110,1175,129250
2116,MARACUYA ,140g,10,1700,17000
2116,MELON,200g,40,980,39200
2116,MORA  ,125g,10,950,9500
2116,SANDIA,180g,10,810,8100
2116,SMOTHIE MLF,200g,50,1350,67500
2116,UVA,150g,20,1170,23400
2116,UVA,200g,50,1550,77500
2117,ARAZA,1000g,1,7000,7000
2117,GULUPA,1000g,2,7000,14000
2118,CURUBA,750g,2,4950,9900
2118,FRESA ,750g,2,4300,8600
2118,LULO,750g,2,4950,9900
2118,MANGO,750g,2,4950,9900
2118,MARACUYA ,750g,2,5250,10500
2118,PIÑA ,1000g,2,6200,12400
2118,TOMATE DE ARBOL,750g,2,4300,8600
2119,DURAZNO,1000g,2,7500,15000
2119,GUAYABA,1000g,2,6800,13600
2119,MANGO,750g,2,7000,14000
2120,FRESA,1000g,2,6600,13200
2120,GUANABANA,1000g,2,7500,15000
2120,LULO,750g,2,7000,14000
2120,MANGO,750g,2,7500,15000
2120,MARACUYA ,750g,2,7200,14400
2121,DURAZNO,125g,30,1100,33000
2121,FRESA,190g,60,1050,63000
2121,LULO,750g,10,4950,49500
2121,LULO,120g,80,800,64000
2121,MANGO,100g,40,800,32000
2121,MANGO,750g,4,5200,20800
2121,MORA,110g,20,800,16000
2121,MORA  ,750g,6,4950,29700
2121,UVA,180g,20,1200,24000
2122,LULO,120g,20,800,16000
2122,MANGO,120g,20,800,16000
2122,MANGO,750g,6,4950,29700
2122,MORA,110g,20,800,16000
2122,MORA  ,750g,6,4950,29700
2123,TAMARINDO,1000g,10,10000,100000
2124,FRESA,130g,60,750,45000
2124,GUANABANA,130g,40,1000,40000
2124,LULO,130g,20,750,15000
2124,UVA,130g,20,1000,20000
2125,FRESA ,170g,13.6,4500,61200
2125,FRUTOS ROJOS,160g,9.6,7800,74880
2125,GUANABANA,130g,3.9,6000,23400
2125,MARACUYA ,110g,6.6,8500,56100
2125,MORA  ,700g,7,6000,42000
2125,MORA  ,150g,12,6000,72000
2125,TAMARINDO,100g,5,9000,45000
2126,FEIJOA,1000g,4,6800,27200
2126,FRESA,1000g,4,6000,24000
2126,GUANABANA,1000g,4,7500,30000
2126,LULO,1000g,4,6500,26000
2126,MANGO,1000g,3,6800,20400
2126,MARACUYA,1000g,4,7200,28800
2126,MORA,1000g,3,6600,19800
2127,FEIJOA,1000g,1,6800,6800
2127,FRESA,1000g,2,6000,12000
2127,GUANABANA,1000g,2,7500,15000
2127,MANGO,1000g,1,6800,6800
2127,MARACUYA,1000g,2,7200,14400
2128,FRESA,190g,70,1050,73500
2128,GUAYABA,750g,10,4000,40000
2128,LULO,120g,50,800,40000
2128,LULO,750g,10,4950,49500
2128,MANGO,100g,30,800,24000
2128,MORA,110g,20,800,16000
2128,MORA X750,750g,10,4950,49500
2128,UVA,180g,20,1200,24000
2129,CURUBA,750g,2,4950,9900
2129,DURAZNO,125g,20,1100,22000
2129,FEIJOA,120g,40,800,32000
2129,FRESA,190g,70,1050,73500
2129,FRESA ,750g,2,4300,8600
2129,GUAYABA,750g,6,4000,24000
2129,LULO,750g,6,4950,29700
2129,LULO,750g,2,4950,9900
2129,MANGO,120g,20,800,16000
2129,MANGO,750g,2,4950,9900
2129,MARACUYA ,750g,2,5250,10500
2129,MORA,110g,30,800,24000
2129,MORA X750,750g,6,4950,29700
2129,PIÑA ,1000g,2,6200,12400
2129,TOMATE DE ARBOL,1000g,2,5500,11000
2129,UVA,180g,20,1200,24000
2130,FEIJOA,170g,20,1200,24000
2130,FRESA ,200g,80,1000,80000
2130,GUANABANA,150g,10,1350,13500
2130,GUANABANA,180g,40,1620,64800
2130,LULO,140g,10,630,6300
2130,MANGO,170g,30,1175,35250
2130,MARACUYA ,150g,10,1320,13200
2130,MELON,200g,10,980,9800
2130,MORA  ,125g,10,950,9500
2130,MORAX 50,50g,50,380,19000
2130,SANDIA,180g,10,810,8100
2130,SANDIA,200g,30,900,27000
2130,SMOTHIE MLF,200g,20,1350,27000
2130,UVA,200g,30,1550,46500
2132,FEIJOA,170g,60,1200,72000
2132,FRESA ,200g,100,1000,100000
2132,GUANABANA,180g,70,1620,113400
2132,LULO,140g,40,630,25200
2132,MANGO BICHE,50g,20,400,8000
2132,MANGO,170g,100,1175,117500
2132,MELON,200g,20,980,19600
2132,MORA  ,50g,20,380,7600
2132,SMOTHIE MLF,200g,30,1350,40500
2132,UVA,200g,30,1550,46500
2133,FEIJOA,1000g,5,6800,34000
2133,GULUPA,1000g,4,8000,32000
2133,LULO,1000g,2,6800,13600
2133,MANGO,1000g,2,6800,13600
2133,MARACUYA,1000g,2,8000,16000
2133,TAMARINDO,1000g,5,10000,50000
2134,FRESA ,170g,11.9,4500,53550
2134,FRUTOS ROJOS,160g,9.6,7800,74880
2134,GUANABANA,130g,3.9,6000,23400
2134,MARACUYA ,110g,3.3,8500,28050
2134,MORA  ,700g,5.6,6000,33600
2134,MORA  ,150g,12,6000,72000
2134,UCHUVA,130g,2.6,5000,13000
2134,UVA,200g,4,5000,20000
2135,GUAYABA,1000g,2,6800,13600
2135,MANGO,1000g,2,7500,15000
2135,PIÑA,1000g,2,6600,13200
2136,GUAYABA,750g,4,4000,16000
2136,LULO,120g,30,800,24000
2136,MANGO,100g,60,800,48000
2136,MANGO,750g,3,5250,15750
2136,MORA ,110g,30,800,24000
2136,MORA  ,750g,3,4950,14850
2137,FRESA ,170g,5.1,4500,22950
2137,GUANABANA,130g,3.9,6000,23400
2137,MANGO,120g,3.6,6600,23760
2137,MORA  ,150g,4.5,6000,27000
2138,FRESA,1000g,2,6000,12000
2138,GUANABANA,1000g,1,7500,7500
2138,MARACUYA,1000g,2,7200,14400
2139,FRESA,1000g,4,6000,24000
2139,GUANABANA,1000g,2,7500,15000
2139,LULO,1000g,3,6500,19500
2139,MANGO,1000g,4,6800,27200
2139,MARACUYA,1000g,1,7200,7200
2139,MORA  ,1000g,2,6600,13200
2140,FEIJOA,1000g,1,6800,6800
2140,FRESA,1000g,2,6000,12000
2140,GUANABANA,1000g,1,7500,7500
2140,LULO,1000g,2,6500,13000
2140,MANGO,1000g,2,6800,13600
2140,MORA,1000g,1,6600,6600
2141,FRESA,190g,70,1050,73500
2141,GUAYABA,100g,20,660,13200
2141,LULO,750g,2,4950,9900
2141,MANGO,120g,20,800,16000
2141,MANGO,750g,2,5200,10400
2141,MORA,110g,50,800,40000
2141,MORA  ,750g,2,4950,9900
2141,PIÑA ,1000g,2,6600,13200
2142,DURAZNO,125g,10,1100,11000
2142,FEIJOA,120g,20,800,16000
2142,FRESA,190g,70,1050,73500
2142,GUAYABA,100g,10,660,6600
2142,GUAYABA,750g,4,4000,16000
2142,LULO,120g,40,800,32000
2142,LULO,750g,2,4950,9900
2142,MANGO,120g,40,800,32000
2142,MORA,110g,30,800,24000
2142,TOMATE DE ARBOL,1000g,3,6600,19800
2142,TOMATE DE ARBOL,750g,1,4950,4950
2142,UVA,180g,40,1200,48000
2143,FRESA,1000g,2,6600,13200
2143,LULO,750g,2,7000,14000
2143,MANGO,750g,2,7500,15000
2143,MARACUYA ,750g,2,7200,14400
2143,MORA,750g,2,6800,13600
2144,UVA,180g,1,18000,18000
2145,GUANABANA,130g,30,1000,30000
2145,LULO,130g,30,750,22500
2145,MANGO,130g,50,1000,50000
2145,UVA,130g,30,1000,30000
2146,FEIJOA,150g,20,1060,21200
2146,FRESA ,200g,40,1000,40000
2146,GUANABANA,150g,30,1350,40500
2146,GUANABANA,180g,110,1620,178200
2146,LULO,150g,30,1020,30600
2146,MANGO,150g,40,1040,41600
2146,MANGO,170g,30,1175,35250
2146,MARACUYA ,140g,20,1700,34000
2146,MARACUYA ,150g,20,1320,26400
2146,MORA  ,125g,30,950,28500
2146,SANDIA,180g,20,810,16200
2146,SANDIA,200g,40,900,36000
2146,SANDIA,70g,20,350,7000
2146,UVA,150g,20,1170,23400
2146,UVA,200g,30,1550,46500
2147,GULUPA,1000g,5,8000,40000
2147,MANGO,1000g,2,7500,15000
2147,MARACUYA,1000g,2,7500,15000
2147,TAMARINDO,1000g,10,9000,90000
2149,CURUBA,1000g,2,6600,13200
2149,FRESA,1000g,4,6600,26400
2149,FRESA ,750g,2,4300,8600
2149,LULO,1000g,3,6600,19800
2149,LULO,750g,2,4950,9900
2149,MANGO BICHE,1000g,5,7500,37500
2149,MANGO,750g,2,4950,9900
2149,MARACUYA ,750g,2,5500,11000
2149,MORA,1000g,3,6800,20400
2149,PIÑA,1000g,2,6800,13600
2149,PIÑA ,1000g,2,6200,12400
2149,TOMATE DE ARBOL,750g,2,4300,8600
2150,DURAZNO,125g,40,1100,44000
2150,FEIJOA,120g,60,800,48000
2150,FRESA,190g,200,1050,210000
2150,GUAYABA,750g,10,4000,40000
2150,LULO,120g,60,800,48000
2150,LULO,750g,5,4950,24750
2150,MANGO,100g,60,800,48000
2150,MANGO,750g,5,5250,26250
2150,MORA,110g,60,800,48000
2150,MORA  ,750g,15,4950,74250
2150,PIÑA ,1000g,5,6600,33000
2150,UVA,180g,60,1200,72000
2151,ALCACHOFAS,250g,1,7000,7000
2151,BERENJENA,250g,1,6000,6000
2151,CHAMPI�ON,250g,2,6000,12000
2151,PIMETON,250g,1,6000,6000
2151,ZUQUINI,250g,1,5000,5000
2152,FRESA,1000g,2,6600,13200
2152,LULO,1000g,2,6800,13600
2153,CURUBA,1000g,2,5500,11000
2153,DURAZNO,1000g,6,6800,40800
2153,FRESA,1000g,7,5500,38500
2153,GUAYABA,1000g,4,5000,20000
2153,GULUPA,1000g,4,7200,28800
2153,LULO,1000g,8,6000,48000
2153,MANGO,1000g,5,7500,37500
2153,MORA,1000g,8,6200,49600
2153,PIÑA,1000g,4,6200,24800
2153,TOMATE  DE ARBOL,1000g,6,5000,30000
2154,GUANABANA,1000g,2,7500,15000
2154,GUAYABA,1000g,2,6800,13600
2154,MANGO,1000g,2,7500,15000
2155,DURAZNO,125g,20,1100,22000
2155,FEIJOA,120g,50,800,40000
2155,FRESA,190g,60,1050,63000
2155,GUAYABA,750g,11,4000,44000
2155,LULO,120g,80,800,64000
2155,LULO,750g,13,4950,64350
2155,MANGO,100g,60,800,48000
2155,MORA,110g,30,800,24000
2155,MORA  ,750g,15,4950,74250
2155,UVA,180g,20,1200,24000
2156,FRESA,130g,40,750,30000
2156,GUANABANA,130g,20,1000,20000
2156,LULO,130g,40,750,30000
2156,MANGO,130g,30,1000,30000
2156,UVA,130g,40,1000,40000
2157,SURTIDOS,1000g,2,9000,18000
2158,FRESA,1000g,3,6000,18000
2158,LULO,1000g,1,6600,6600
2158,MANGO,1000g,3,7500,22500
2158,MARACUYA,1000g,1,7500,7500
2158,MORA,1000g,1,6800,6800
2159,FRESA ,750g,2,4300,8600
2159,LULO,750g,2,4950,9900
2159,MANGO,750g,2,4950,9900
2159,MARACUYA ,750g,2,5250,10500
2159,PIÑA ,1000g,2,6200,12400
2159,TOMATE DE ARBOL,1000g,2,6000,12000
2160,DURAZNO,125g,20,1100,22000
2160,FRESA,190g,70,1050,73500
2160,LULO,120g,50,800,40000
2161,FRESA,1000g,4,6000,24000
2161,GUANABANA,1000g,4,7500,30000
2161,LULO,1000g,3,6500,19500
2161,MANGO,1000g,4,6800,27200
2161,MORA,1000g,1,6600,6600
2162,FEIJOA,1000g,1,6800,6800
2162,FRESA,1000g,2,6000,12000
2162,GUANABANA,1000g,2,7500,15000
2162,GUAYABA,1000g,1,6000,6000
2162,LULO,1000g,2,6500,13000
2162,MANGO,1000g,3,6800,20400
2162,MARACUYA,1000g,1,7200,7200
2162,MORA,1000g,1,6600,6600
2163,ARAZA,1000g,2,7000,14000
2164,CURUBA,140g,7,6000,42000
2164,FRESA ,170g,8.5,4500,38250
2164,FRUTOS ROJOS,160g,3.2,7800,24960
2164,GUANABANA,130g,6.5,6000,39000
2164,MANGO,130g,3.9,6600,25740
2164,MARACUYA ,110g,2.2,8500,18700
2164,MORA  ,700g,3.5,6000,21000
2164,MORA  ,150g,6,6000,36000
2164,UVA,200g,4,5000,20000
2165,FEIJOA,1000g,1,7000,7000
2165,GULUPA,1000g,2,8000,16000
2165,LULO,1000g,1,6800,6800
2165,MANGO,1000g,1,7500,7500
2166,FRESA,1000g,8,6800,54400
2166,MANGO,1000g,6,7500,45000
2167,ARAZA,1000g,3,6800,20400
2167,GULUPA,1000g,2,8000,16000
2167,TAMARINDO,1000g,10,10000,100000
2168,DURAZNO,125g,20,1100,22000
2168,FEIJOA,120g,20,800,16000
2168,FRESA,190g,60,1050,63000
2168,GUAYABA,750g,10,4000,40000
2168,LULO,120g,30,800,24000
2168,LULO,750g,10,4950,49500
2168,MANGO,100g,20,800,16000
2168,MORA  ,750g,10,4950,49500
2168,PIÑA ,1000g,10,6600,66000
2168,UVA,180g,20,1200,24000
2169,FRESA,190g,20,1050,21000
2169,GUAYABA,750g,5,4000,20000
2169,LULO,750g,5,4950,24750
2169,MORA  ,750g,5,4950,24750
2169,PIÑA ,1000g,5,6600,33000
2170,SMOTHIE MLF,200g,20,1750,35000
2170,SMOTHIE FRUTOS ROJOS,200g,20,1750,35000
2171,FRESA,1000g,4,6000,24000
2171,LULO,1000g,3,6600,19800
2171,MANGO BICHE,1000g,5,7500,37500
2171,MORA,1000g,3,6600,19800
2171,PIÑA,1000g,2,6800,13600
2171,TAMARINDO,1000g,2,9000,18000
2172,FRESA,1000g,1,6600,6600
2172,GUANABANA,1000g,1,7500,7500
2172,LULO,750g,1,7000,7000
2172,MARACUYA ,750g,1,7200,7200
2172,MORA,750g,1,7000,7000
2173,FEIJOA,170g,40,1200,48000
2173,FRESA ,200g,140,1000,140000
2173,GUANABANA,180g,50,1620,81000
2173,MANGO BICHE,50g,20,400,8000
2173,MANGO,170g,20,1175,23500
2173,MANGO,170g,50,1175,58750
2173,MELON,200g,20,980,19600
2173,SANDIA,200g,40,900,36000
2173,SANDIA,200g,20,900,18000
2173,SMOTHIE MLF,200g,30,1350,40500
2173,UVA,200g,20,1550,31000
2174,FEIJOA,1000g,2,7000,14000
2174,LULO,1000g,2,6800,13600
2174,TAMARINDO,1000g,10,9000,90000
2175,CURUBA,1000g,2,6600,13200
2175,FRESA ,750g,2,4300,8600
2175,LULO,750g,2,4950,9900
2175,MANGO,750g,2,4950,9900
2175,MARACUYA ,750g,2,5500,11000
2175,PIÑA ,1000g,2,6200,12400
2175,TOMATE DE ARBOL,750g,2,4300,8600
2176,DURAZNO,125g,20,1100,22000
2176,FEIJOA,120g,20,800,16000
2176,FRESA,190g,40,1050,42000
2176,GUAYABA,750g,5,4000,20000
2176,LULO,120g,20,800,16000
2176,LULO,750g,5,4950,24750
2176,MANGO,120g,40,800,32000
2176,MORA  ,750g,5,4950,24750
2176,UVA,180g,20,1200,24000
2177,DURAZNO,1000g,2,7500,15000
2177,GUAYABA,1000g,2,6600,13200
2177,PIÑA,1000g,2,6600,13200
2178,FRESA,130g,40,750,30000
2178,LULO,130g,30,750,22500
2178,MANGO,130g,30,1000,30000
2178,UVA,130g,50,1000,50000
2179,FALAFELS,1u,1930,350,675500
2180,DURAZNO,125g,30,1100,33000
2180,FRESA,190g,50,1050,52500
2180,LULO,120g,50,800,40000
2180,LULO,750g,10,4950,49500
2180,MANGO,100g,40,800,32000
2180,MORA ,110g,10,800,8000
2180,MORA  ,750g,10,4950,49500
2180,PIÑA ,750g,10,6600,66000
2180,UVA,180g,30,1200,36000
2181,FEIJOA,170g,20,1200,24000
2181,FRESA,200g,140,1000,140000
2181,GUANABANA,180g,40,1620,64800
2181,MANGO,170g,30,1175,35250
2181,MELON,200g,20,980,19600
2181,SMOTHIE MLF,200g,20,1350,27000
2182,DURAZNO,125g,20,1100,22000
2182,FRESA,190g,40,1050,42000
2182,GUAYABA,100g,40,660,26400
2182,LULO,120g,60,800,48000
2182,MANGO,100g,80,800,64000
2182,MORA,110g,60,800,48000
2182,UVA,180g,30,1200,36000
2183,LULO,1000g,1,6600,6600
2183,MANGO,1000g,2,6800,13600
2183,MARACUYA,1000g,2,7200,14400
2184,FEIJOA,170g,8.5,4500,38250
2184,FRUTOS ROJOS,160g,8,5000,40000
2184,GUANABANA,130g,6.5,7200,46800
2184,MANGO,120g,6,7800,46800
2184,UCHUVA,130g,3.9,6800,26520
2186,CURUBA,750g,2,4950,9900
2186,FEIJOA,750g,2,4300,8600
2186,LULO,750g,2,4950,9900
2186,MANGO,750g,2,4950,9900
2186,MARACUYA ,450g,2,5250,10500
2186,PIÑA ,1000g,2,6200,12400
2187,LULO,1000g,1,6600,6600
2187,MANGO,1000g,2,6800,13600
2187,MARACUYA,1000g,3,7200,21600
2188,FRESA,1000g,2,6000,12000
2188,GUANABANA,1000g,2,7500,15000
2188,LULO,1000g,3,6600,19800
2188,MANGO,1000g,2,6800,13600
2188,MORA,1000g,3,6600,19800
2189,FEIJOA,1000g,1,6800,6800
2189,FRESA,1000g,4,6000,24000
2189,GUANABANA,1000g,4,7500,30000
2189,LULO,1000g,2,6600,13200
2189,MANGO,1000g,4,6800,27200
2189,MORA,1000g,3,6600,19800
2190,FEIJOA,120g,30,800,24000
2190,FRESA,190g,80,1050,84000
2190,LULO,120g,20,800,16000
2190,LULO,750g,4,4950,19800
2190,MANGO,120g,80,800,64000
2190,MANGO,750g,3,5200,15600
2190,MORA  ,750g,3,4950,14850
2190,UVA,180g,30,1200,36000
2191,FRESA ,170g,8.5,4500,38250
2191,MANGO,130g,6.5,6600,42900
2191,MORA  ,150g,10.5,6000,63000
2192,DURAZNO,125g,20,1100,22000
2192,FRESA,190g,40,1050,42000
2192,GUAYABA,100g,40,660,26400
2192,LULO,120g,60,800,48000
2192,MANGO,100g,60,800,48000
2192,MORA,110g,60,800,48000
2192,UVA,180g,30,1200,36000
2193,FEIJOA,150g,10,1060,10600
2193,FEIJOA,170g,20,1200,24000
2193,FRESA ,200g,120,1000,120000
2193,GUANABANA,150g,20,1350,27000
2193,GUANABANA,180g,40,1620,64800
2193,LULO,140g,10,630,6300
2193,LULO,150g,20,1020,20400
2193,MANGO BICHE,50g,10,400,4000
2193,MANGO,170g,30,1175,35250
2193,MANGO,150g,40,1040,41600
2193,MARACUYA ,140g,10,1700,17000
2193,MARACUYA ,150g,10,1320,13200
2193,MELON,200g,20,980,19600
2193,MORA,125g,30,950,28500
2193,MORA  ,50g,10,380,3800
2193,PIÑA,150g,10,990,9900
2193,SANDIA,180g,10,810,8100
2193,SMOTHIE MLF,200g,20,1350,27000
2193,UVA,150g,20,1170,23400
2194,FRESA,1000g,3,6000,18000
2194,GUANABANA,1000g,3,7500,22500
2194,LULO,1000g,1,6800,6800
2194,MORA,1000g,1,6500,6500
2195,UVA,180g,1,18000,18000
2196,MARACUYA ,110g,5.5,8500,46750
2197,ARAZA,1000g,1,7000,7000
2197,GULUPA,1000g,2,8000,16000
2197,GULUPA,1000g,1,8000,8000
2197,MANGO,1000g,1,7500,7500
2197,MARACUYA,1000g,1,7500,7500
2198,CURUBA,750g,2,4950,9900
2198,FRESA ,750g,2,4300,8600
2198,LULO,750g,2,4950,9900
2198,MANGO,750g,2,4950,9900
2198,MARACUYA ,750g,2,5500,11000
2198,PIÑA ,1000g,2,6200,12400
2199,DURAZNO,1000g,2,7500,15000
2199,GUAYABA,1000g,2,6800,13600
2199,MANGO,1000g,2,7500,15000
2200,FEIJOA,1000g,3,6800,20400
2200,FRESA,1000g,3,6000,18000
2200,GUANABANA,1000g,3,7500,22500
2200,LULO,1000g,3,6500,19500
2200,MANGO,1000g,3,6800,20400
2200,MARACUYA,1000g,3,7200,21600
2200,MORA,1000g,3,6600,19800
2201,MANGO BICHE,1000g,4,7500,30000
2201,TAMARINDO,1000g,1,10000,10000
2202,FRESA,750g,1,6600,6600
2202,LULO,750g,1,7000,7000
2202,MANGO,750g,1,7500,7500
2202,MARACUYA,750g,1,7200,7200
2202,MORA,750g,1,6800,6800
2203,FEIJOA,1000g,4,6800,27200
2203,FRESA,1000g,4,6600,26400
2203,GUANABANA,1000g,8,7800,62400
2203,MORA,1000g,3,6800,20400
2204,FRESA,190g,60,1050,63000
2204,GUAYABA,750g,10,4000,40000
2204,MANGO,100g,30,800,24000
2204,MANGO,750g,10,4950,49500
2204,MORA  ,750g,10,4950,49500
2204,UVA,180g,10,1200,12000
2205,LULO,750g,6,4950,29700
2205,MANGO,120g,40,800,32000
2205,MORA  ,750g,7,4950,34650
2205,PIÑA ,1000g,7,6600,46200
2205,UVA,180g,40,1200,48000
2206,FRESA,130g,30,750,22500
2206,GUANABANA,130g,20,1000,20000
2206,LULO,130g,40,800,32000
2206,MANGO,130g,60,1000,60000
2206,UVA,130g,30,1000,30000
2207,TAMARINDO,1000g,10,9000,90000
2208,FEIJOA,1000g,2,6800,13600
2208,FRESA,1000g,4,6000,24000
2208,GUANABANA,1000g,4,7500,30000
2208,LULO,1000g,4,6500,26000
2208,MANGO,1000g,4,6800,27200
2208,MARACUYA,1000g,1,7200,7200
2208,MORA,1000g,2,6600,13200
2209,FRESA,1000g,3,6000,18000
2209,GUANABANA,1000g,2,7500,15000
2209,LULO,1000g,3,6500,19500
2209,MANGO,1000g,3,6800,20400
2209,MORA,1000g,2,6600,13200
2210,FRESA,190g,50,1050,52500
2210,GUAYABA,100g,10,660,6600
2210,GUAYABA,750g,10,4000,40000
2210,LULO,120g,50,800,40000
2210,LULO,750g,6,4950,29700
2210,MANGO,100g,40,800,32000
2210,MANGO,750g,4,5250,21000
2210,MORA  ,750g,10,4950,49500
2210,UVA,180g,30,1200,36000
2211,FRESA ,170g,13.6,4500,61200
2211,FRUTOS ROJOS,160g,9.6,7800,74880
2211,GUANABANA,130g,6.5,6000,39000
2211,MANGO,120g,6,6600,39600
2211,MARACUYA ,110g,5.5,8500,46750
2211,MORA  ,150g,12,6000,72000
2211,MORA  ,700g,7,6000,42000
2212,FEIJOA,170g,30,1200,36000
2212,FRUTOS ROJOS,1000g,4,8500,34000
2212,GUANABANA,180g,30,1620,48600
2212,MANGO,170g,50,1175,58750
2212,PIÑA ,150g,10,990,9900
2212,SANDIA,180g,20,810,16200
2212,SANDIA,200g,30,900,27000
2212,UVA,200g,20,1550,31000
2213,GUANABANA,1000g,1,7500,7500
2213,LULO,1000g,2,6800,13600
2213,MANGO,1000g,2,7000,14000
2213,MARACUYA,1000g,2,7500,15000
2303,MORA,1000g,3,6600,415800
2311,FEIJOA,1000g,2,6800,13600
2311,FRESA,1000g,4,6000,24000
2311,GUANABANA,1000g,4,7500,30000
2311,LULO,1000g,4,6500,26000
2311,MANGO,1000g,4,6800,27200
2311,MARACUYA,1000g,1,7200,7200
2311,MORA,1000g,2,6600,13200
2312,FRESA,1000g,3,6000,18000
2312,GUANABANA,1000g,2,7500,15000
2312,LULO,1000g,3,6500,19500
2312,MANGO,1000g,3,6800,20400
2312,MORA,1000g,2,6600,13200
2313,FRESA,190g,50,1050,52500
2313,GUAYABA,100g,10,660,6600
2313,GUAYABA,750g,10,4000,40000
2313,LULO,120g,50,800,40000
2313,LULO,750g,6,4950,29700
2313,MANGO,100g,40,800,32000
2313,MANGO,750g,4,5250,21000
2313,MORA  ,750g,10,4950,49500
2313,UVA,180g,30,1200,36000
2314,FRESA ,170g,13.6,4500,61200
2314,FRUTOS ROJOS,160g,9.6,7800,74880
2314,GUANABANA,130g,6.5,6000,39000
2314,MANGO,120g,6,6600,39600
2314,MARACUYA ,110g,5.5,8500,46750
2314,MORA  ,150g,12,6000,72000
2314,MORA  ,700g,7,6000,42000
2315,FEIJOA,170g,30,1200,36000
2315,FRUTOS ROJOS,1000g,4,8500,34000
2315,GUANABANA,180g,30,1620,48600
2315,MANGO,170g,50,1175,58750
2315,PIÑA ,150g,10,990,9900
2315,SANDIA,180g,10,810,8100
2315,SANDIA,200g,30,900,27000
2315,UVA,200g,20,1550,31000
2316,GUANABANA,1000g,1,7500,7500
2316,LULO,1000g,2,6800,13600
2316,MANGO,1000g,2,7000,14000
2316,MARACUYA,1000g,2,7500,15000
2317,DURAZNO,1000g,2,7500,15000
2317,GUAYABA,1000g,2,6800,13600
2317,PIÑA,1000g,2,6600,13200
2318,CURUBA,750g,2,4950,9900
2318,FRESA ,750g,2,4300,8600
2318,LULO,750g,2,4950,9900
2318,MANGO,750g,2,4950,9900
2318,MARACUYA ,750g,2,5500,11000
2318,PIÑA ,1000g,2,6200,12400
2319,FRESA ,1000g,1,6600,6600
2319,LULO,1000g,1,6800,6800
2319,UVA,1000g,1,6800,6800
2320,FEIJOA,120g,20,800,16000
2320,FRESA,190g,40,1050,42000
2320,GUAYABA,100g,20,660,13200
2320,MANGO,100g,60,800,48000
2320,MORA ,110g,20,800,16000
2320,UVA,180g,20,1200,24000
2321,ARAZA,100g,20,660,13200
2321,FEIJOA,120g,10,800,8000
2321,FRESA,190g,100,1050,105000
2321,GUAYABA,750g,4,4000,16000
2321,LULO,120g,20,800,16000
2321,MANGO,120g,30,800,24000
2321,MANGO,750g,4,5250,21000
2321,MORA,110g,20,800,16000
2321,MORA  ,750g,6,4950,29700
2321,PIÑA ,1000g,6,6600,39600
2321,UVA,180g,20,1200,24000
2322,FEIJOA,1000g,1,6800,6800
2322,FRESA,1000g,4,6000,24000
2322,GUANABANA,1000g,2,7500,15000
2322,LULO,1000g,3,6500,19500
2322,MANGO,1000g,4,6800,27200
2322,MARACUYA,1000g,2,7200,14400
2322,MORA  ,1000g,1,6600,6600
2323,FRUTOS ROJOS,1000g,2,8000,16000
2323,LULO,1000g,2,7000,14000
2323,MORA ,1000g,2,7000,14000
2324,FRESA,1000g,3,6000,18000
2324,LULO,1000g,3,6600,19800
2324,MANGO,1000g,3,6800,20400
2325,FEIJOA,170g,30,1200,36000
2325,FRUTOS ROJOS,1000g,4,8500,34000
2325,GUANABANA,180g,30,1620,48600
2325,MANGO,170g,50,1175,58750
2325,PIÑA ,150g,10,990,9900
2325,SANDIA,180g,20,810,16200
2325,SANDIA,200g,30,900,27000
2325,UVA,200g,20,1550,31000
2326,UVA,180g,1,18000,18000
2327,MANGO BICHE,1000g,3,7500,22500
2327,MARACUYA,1000g,2,7500,15000
2328,FRESA,1000g,4,6000,24000
2328,LULO,1000g,1,6600,6600
2328,MANGO,1000g,2,7500,15000
2328,MARACUYA,1000g,2,7500,15000
2328,PIÑA,1000g,2,6000,12000
2329,GUAYABA,1000g,2,5500,11000
2329,LULO,1000g,1,6500,6500
2329,MANGO,1000g,3,6800,20400
2329,MORA,1000g,4,6600,26400
2329,UVA,1000g,1,6800,6800
2330,FRESA,750g,1,6600,6600
2330,GUANABANA,750g,1,7500,7500
2330,GUAYABA,750g,1,7000,7000
2330,MANGO,750g,1,7500,7500
2330,MARACUYA,750g,1,7200,7200
2330,MORA,750g,1,6800,6800
2339,LULO,1000g,1,27000,27000
2342,LULO,750g,10,4950,49500
2342,MANGO,750g,10,5250,52500
2342,MORA  ,750g,10,4950,49500
2343,FRESA,1000g,3,6000,18000
2343,GUANABANA,1000g,2,7500,15000
2343,LULO,1000g,3,6500,19500
2343,MANGO,1000g,3,6800,20400
2343,MORA,1000g,2,6600,13200
2344,CURUBA,125g,40,800,32000
2344,DURAZNO,125g,30,1200,36000
2344,FRESA,190g,60,1050,63000
2344,GUAYABA,100g,30,660,19800
2344,GUAYABA,750g,5,4950,24750
2344,LULO,750g,10,4950,49500
2344,MANGO,100g,50,800,40000
2344,MORA,110g,30,800,24000
2344,MORA  ,750g,5,4950,24750
2344,PIÑA ,1000g,10,6600,66000
2344,UVA,180g,30,1200,36000
2346,MANGO,1000g,8,6600,52600
2357,MORA,1000g,4,6800,28600
2366,MANGO,750g,6,7000,43600
2373,FRESA ,170g,13.6,6000,81600
2373,MORA  ,150g,7.5,6000,45000
2374,GULUPA,1000g,2,8000,16000
2374,MARACUYA,1000g,1,7500,7500
2374,TAMARINDO,1000g,8,9000,72000
2375,FEIJOA,1000g,1,6800,6800
2375,FRESA,1000g,3,6000,18000
2375,GUANABANA,1000g,2,7500,15000
2375,LULO,1000g,1,6500,6500
2375,MORA,1000g,1,6600,6600
2376,GUANABANA,1000g,2,9500,19000
2376,LULO,1000g,1,8000,8000
2376,MANGO,1000g,1,8000,8000
2377,FRESA,1000g,1,6600,6600
2377,LULO,750g,1,7000,7000
2377,MANGO,750g,1,7500,7500
2377,MARACUYA ,750g,1,7200,7200
2377,MORA,750g,1,6800,6800
2378,FEIJOA,170g,40,1200,48000
2378,MANGO,170g,30,1175,35250
2378,MORA  ,125g,10,950,9500
2378,SANDIA,200g,20,900,18000
2378,UVA,200g,20,1550,31000
2379,FEIJOA,120g,20,800,16000
2379,FRESA,190g,100,1050,105000
2379,GUAYABA,750g,8,4000,32000
2379,GUAYABA,100g,20,660,13200
2379,LULO,120g,70,800,56000
2379,LULO,750g,10,4950,49500
2379,MANGO,100g,70,800,56000
2379,MANGO,750g,5,5250,26250
2379,MORA,110g,70,800,56000
2379,MORA  ,1000g,8,6600,52800
2379,PIÑA ,1000g,7,6600,46200
2379,UVA,180g,70,1200,84000
2380,FRESA ,170g,8.5,4500,38250
2380,FRUTOS ROJOS,160g,9.6,7800,74880
2380,GUANABANA,130g,3.9,6000,23400
2380,GUAYABA,130g,3.9,5000,19500
2380,MANGO,130g,9.1,6600,60060
2380,MARACUYA ,110g,6.6,8500,56100
2380,MORA  ,150g,7.5,6000,45000
2380,TOMATE DE ARBOL,110g,5.5,5500,30250
2380,UCHUVA,130g,1.3,5000,6500
2380,UVA,200g,6,5000,30000
2381,ARAZA,1000g,2,6800,13600
2381,GULUPA,1000g,3,8000,24000
2381,LULO,1000g,2,6800,13600
2381,MANGO,1000g,2,6800,13600
2381,MARACUYA,1000g,2,8000,16000
2382,DURAZNO,170g,40,1420,56800
2382,FEIJOA,150g,10,1060,10600
2382,FEIJOA,170g,20,1200,24000
2382,FRESA ,170g,20,750,15000
2382,FRESA ,200g,120,1000,120000
2382,FRUTOS ROJOS,1000g,2,8500,17000
2382,GUANABANA,150g,10,1350,13500
2382,GUANABANA,180g,80,1620,129600
2382,LULO,150g,10,1020,10200
2382,LULO,150g,10,1020,10200
2382,MANGO,150g,20,1040,20800
2382,MANGO,150g,10,1040,10400
2382,MANGO,170g,100,1175,117500
2382,MARACUYA ,150g,10,1320,13200
2382,MELON,200g,40,980,39200
2382,MORA  ,125g,20,950,19000
2382,MORA  ,50g,30,380,11400
2382,PIÑA ,150g,10,990,9900
2382,SANDIA,200g,30,900,27000
2382,SMOTHIE MLF,200g,20,1350,27000
2382,UVA,150g,10,1170,11700
2382,UVA,200g,30,1550,46500
2383,FEIJOA,1000g,5,6800,34000
2383,TAMARINDO,1000g,5,10000,50000
2384,FEIJOA,1000g,2,6800,13600
2384,FRESA,1000g,5,6000,30000
2384,GUANABANA,1000g,5,7500,37500
2384,LULO,1000g,5,6500,32500
2384,MANGO,1000g,5,6800,34000
2384,MARACUYA,1000g,1,7200,7200
2384,MORA  ,1000g,4,6600,26400
2385,CURUBA,1000g,2,6600,13200
2385,FRESA ,750g,2,4300,8600
2385,GUAYABA,750g,2,4300,8600
2385,LULO,750g,2,4950,9900
2385,MANGO,750g,2,4950,9900
2385,MARACUYA ,750g,2,5500,11000
2385,PIÑA ,1000g,2,6200,12400
2386,FEIJOA,1000g,1,6800,6800
2386,FRESA,1000g,3,6000,18000
2386,GUANABANA,1000g,1,7500,7500
2386,LULO,1000g,3,6500,19500
2386,MANGO,1000g,2,6800,13600
2386,MORA,1000g,2,6600,13200
2388,DURAZNO,125g,20,1100,22000
2388,FEIJOA,120g,20,800,16000
2388,FRESA,190g,100,1050,105000
2388,LULO,120g,30,800,24000
2388,LULO,750g,8,4950,39600
2388,MANGO,120g,30,800,24000
2388,MANGO,750g,5,5250,26250
2388,MORA  ,750g,70,4950,346500
2389,FRUTOS ROJOS,1000g,2,7500,15000
2389,LULO,1000g,3,7000,21000
2389,MARACUYA,1000g,1,7500,7500
2389,MORA,1000g,2,7000,14000
2390,FRESA,1000g,3,6000,18000
2390,GUANABANA,1000g,2,7500,15000
2390,LULO,1000g,2,6600,13200
2390,MANGO,1000g,3,7500,22500
2390,MARACUYA,1000g,3,7500,22500
2390,MORA,1000g,3,6800,20400
2391,FRESA,1000g,2,6600,13200
2391,LULO,1000g,2,6600,13200
2391,PIÑA,1000g,2,6600,13200
2391,TAMARINDO,1000g,2,10000,20000
2392,FRESA,130g,60,750,45000
2392,GUANABANA,130g,20,1000,20000
2392,LULO,130g,60,750,45000
2392,MANGO,130g,60,1000,60000
2392,UVA,130g,60,1000,60000
2393,FRESA,1000g,2,6000,12000
2393,LULO,1000g,2,6500,13000
2393,MANGO,1000g,2,6800,13600
2393,MARACUYA,1000g,2,7200,14400
2393,MORA,1000g,2,6600,13200
2394,DURAZNO,125g,30,1100,33000
2394,FRESA,190g,60,1050,63000
2394,LULO,120g,60,800,48000
2394,LULO,750g,10,4950,49500
2394,MANGO,120g,50,800,40000
2394,MANGO,750g,10,5250,52500
2394,MORA ,110g,30,800,24000
2394,MORA  ,750g,10,4950,49500
2394,UVA,180g,30,1200,36000
2395,ARAZA,100g,10,4950,49500
2395,DURAZNO,125g,20,1100,22000
2395,FEIJOA,120g,10,4950,49500
2395,FRESA,190g,40,1050,42000
2395,GUAYABA,1000g,20,5250,105000
2395,LULO,120g,20,800,16000
2395,MANGO,120g,40,800,32000
2395,MANGO,750g,6,5250,31500
2395,MORA ,110g,40,800,32000
2395,UVA,180g,20,1200,24000
2396,FEIJOA,1000g,1,6800,6800
2396,LULO,1000g,1,6800,6800
2396,MANGO,1000g,2,6800,13600
2396,MARACUYA ,1000g,1,7500,7500
2396,MORA,1000g,2,6500,13000
2397,FRESA,1000g,3,6000,18000
2397,GUANABANA,1000g,2,7500,15000
2397,LULO,1000g,2,6500,13000
2397,MANGO,1000g,2,6800,13600
2397,MORA,1000g,2,6600,13200
2398,MARACUYA,1000g,1,7500,7500
2398,TAMARINDO,1000g,10,10000,100000
2399,ARAZA,1000g,4,7000,28000
2399,FALAFELS,1u,1000,350,350000
2399,PIÑA,1000g,3,6000,18000
2399,UVA,1000g,3,6000,18000
2402,DURAZNO,125g,60,1100,66000
2402,FEIJOA,120g,20,4950,99000
2402,FRESA,190g,80,1050,84000
2402,LULO,120g,30,800,24000
2402,LULO,750g,10,4950,49500
2402,MANGO,100g,100,800,80000
2402,MANGO,750g,10,5250,52500
2402,MORA ,110g,20,800,16000
2402,UVA,180g,20,1200,24000
2403,FRESA,1000g,3,6600,19800
2403,MANGO BICHE,1000g,2,7500,15000
2403,MARACUYA,1000g,2,7500,15000
2403,PIÑA,1000g,1,6800,6800
2403,TAMARINDO,1000g,1,10000,10000
2404,FRESA,1000g,3,6000,18000
2404,GUANABANA,1000g,2,7500,15000
2404,LULO,1000g,2,6500,13000
2404,MANGO,1000g,3,6800,20400
2405,CURUBA,750g,3,4950,14850
2405,FRESA ,750g,4,4300,17200
2405,LULO,750g,5,4950,24750
2405,MANGO,750g,5,4950,24750
2406,FRESA ,170g,13.6,4500,61200
2406,FRUTOS ROJOS,160g,8,7800,62400
2406,GUANABANA,130g,7.8,6000,46800
2406,MANGO,130g,9,6000,54000
2406,MARACUYA ,110g,6.6,8500,56100
2406,MORA  ,700g,7,6000,42000
2406,MORA  ,150g,12,6000,72000
2407,CURUBA,750g,5,4950,24750
2407,FRESA ,750g,5,4300,21500
2407,GUAYABA,750g,5,4850,24250
2407,LULO,750g,5,4950,24750
2407,MANGO,750g,5,4950,24750
2407,MARACUYA ,750g,5,5500,27500
2407,PIÑA ,1000g,5,6200,31000
2408,FEIJOA,1000g,2,6800,13600
2408,FRESA,1000g,2,6600,13200
2408,GUANABANA,1000g,2,7500,15000
2408,MARACUYA,1000g,2,7500,15000
2408,MORA,1000g,1,6800,6800
2409,DURAZNO,1000g,6,6800,40800
2409,FRESA,1000g,8,5500,44000
2409,GUAYABA,1000g,4,5000,20000
2409,GULUPA,1000g,4,7200,28800
2409,LULO,1000g,8,6000,48000
2409,MANGO,1000g,8,7500,60000
2409,MORA,1000g,8,6200,49600
2409,PIÑA,1000g,6,6200,37200
2410,DURAZNO,1000g,2,7800,15600
2410,GUANABANA,1000g,2,7800,15600
2410,MANGO,1000g,2,7500,15000
2411,DURAZNO,125g,20,1100,22000
2411,FRESA,190g,40,1050,42000
2411,LULO,120g,20,800,16000
2411,LULO,750g,5,4950,24750
2411,MORA,110g,20,800,16000
2411,MORA X750,750g,5,4950,24750
2412,DURAZNO,125g,30,1100,33000
2412,FEIJOA,120g,30,800,24000
2412,FRESA ,190g,80,1050,84000
2412,LULO,120g,30,800,24000
2412,LULO,750g,5,4950,24750
2412,MANGO,120g,30,800,24000
2412,MANGO,750g,5,5250,26250
2412,MORA  ,110g,20,800,16000
2412,MORA X750,750g,10,4950,49500
2412,UVA,180g,30,1200,36000
2413,ARAZA,1000g,1,6800,6800
2413,GULUPA,1000g,2,8000,16000
2413,LULO,1000g,1,6800,6800
2413,MANGO,1000g,1,6800,6800
2413,MARACUYA,1000g,1,8000,8000
2415,DURAZNO,125g,20,1100,22000
2415,FRESA,190g,40,1050,42000
2415,LULO,120g,20,800,16000
2415,LULO,750g,5,4950,24750
2415,MORA,110g,20,800,16000
2415,MORA X750,750g,5,4950,24750
2416,DURAZNO,125g,20,1100,22000
2416,FEIJOA,120g,30,800,24000
2416,FRESA,190g,100,1050,105000
2416,LULO,120g,70,800,56000
2416,MANGO,100g,60,800,48000
2416,MANGO,750g,10,5250,52500
2416,MORA,110g,20,800,16000
2416,MORA  ,750g,10,4950,49500
2416,PIÑA,750g,10,6600,66000
2416,UVA,180g,20,1200,24000
2417,FRESA,130g,20,750,15000
2417,GUANABANA,130g,40,1000,40000
2417,LULO,130g,20,750,15000
2417,MANGO,130g,20,1000,20000
2417,UVA,130g,20,1000,20000
2418,CURUBA,140g,4.2,6000,25200
2418,FRESA ,170g,13.6,4500,61200
2418,FRUTOS ROJOS,160g,9.6,7800,74880
2418,GUAYABA,130g,2.6,5000,13000
2418,MANGO,130g,7.8,6600,51480
2418,MARACUYA ,110g,6.6,8500,56100
2418,MORA  ,150g,12,6000,72000
2418,MORA  ,700g,7,6000,42000
2418,TOMATE DE ARBOL,110g,2.2,5500,12100
2418,UVA,200g,4,5000,20000
2419,FEIJOA,1000g,3,6800,20400
2419,FRESA,1000g,4,6000,24000
2419,GUANABANA,1000g,4,7500,30000
2419,LULO,1000g,4,6500,26000
2419,MANGO,1000g,4,6800,27200
2419,MORA  ,1000g,4,6600,26400
2420,FEIJOA,1000g,1,6800,6800
2420,FRESA,1000g,2,6000,12000
2420,GUANABANA,1000g,2,7500,15000
2420,LULO,1000g,2,6500,13000
2420,MANGO,1000g,2,6800,13600
2420,MORA  ,1000g,2,6600,13200
2421,FALAFELS,1u,1000,350,350000
2421,LULO,1000g,5,6600,33000
2421,MANGO,1000g,5,6600,33000
2421,MORA,1000g,5,6000,30000
2421,UVA,1000g,5,6600,33000
2422,FRESA ,750g,5,4300,21500
2422,GUAYABA,750g,5,4300,21500
2422,LULO,750g,5,4950,24750
2422,MANGO,1000g,4,6800,27200
2422,MANGO,750g,5,4950,24750
2422,MARACUYA ,750g,5,5250,26250
2422,MORA  ,100g,4,6600,26400
2422,MORA  ,750g,5,4950,24750
2422,PIÑA ,1000g,5,6200,31000
2423,DURAZNO,1000g,2,7800,15600
2423,GUANABANA,1000g,2,7800,15600
2423,MANGO,1000g,2,7500,15000
2424,DURAZNO,125g,20,1100,22000
2424,FRESA,190g,100,1050,105000
2424,GUAYABA,100g,10,660,6600
2424,GUAYABA,750g,5,4000,20000
2424,LULO,120g,30,800,24000
2424,LULO,750g,5,4950,24750
2424,MANGO,120g,30,800,24000
2424,MANGO,750g,6,4950,29700
2424,MORA  ,750g,30,800,24000
2424,PIÑA,750g,5,6600,33000
2424,UVA,120g,30,800,24000
2425,DURAZNO,125g,20,1200,24000
2425,FRESA,190g,40,1050,42000
2425,GUAYABA,750g,5,4000,20000
2425,LULO,750g,5,4950,24750
2425,MANGO,750g,5,5250,26250
2425,MANGO,120g,30,800,24000
2425,MORA,110g,50,800,40000
2425,MORA  ,750g,5,4950,24750
2425,UVA,180g,20,1200,24000
2426,LULO,1000g,2,7000,14000
2426,MARACUYA,1000g,2,7500,15000
2426,MORA,1000g,1,7000,7000
2426,UVA,1000g,1,7000,7000
2427,ARAZA,1000g,2,7500,15000
2427,FEIJOA,1000g,2,6800,13600
2427,GULUPA,1000g,2,7500,15000
2427,LULO,1000g,2,6800,13600
2427,MANGO,1000g,2,6800,13600
2427,MARACUYA,1000g,1,7500,7500
2427,TAMARINDO,1000g,9,10000,90000
2428,ARAZA,1000g,1,7500,7500
2428,GULUPA,1000g,2,7500,15000
2428,LULO,1000g,1,6800,6800
2428,MANGO,1000g,1,6800,6800
2428,TAMARINDO,1000g,6,10000,60000
2429,FRESA ,170g,13.6,4500,61200
2429,GUANABANA,130g,10.4,6000,62400
2429,MANGO,130g,2.4,6600,15840
2429,MORA  ,150g,13.6,6000,81600
2429,MORA  ,700g,7,5000,35000
2430,FRESA,1000g,3,6600,19800
2430,LULO,1000g,3,6800,20400
2430,MANGO BICHE,1000g,3,7800,23400
2430,MORA,1000g,2,6800,13600
2430,PIÑA,1000g,1,6600,6600
2430,TAMARINDO,1000g,1,10000,10000
2431,MANGO,1000g,1,7000,7000
2431,MORA,1000g,2,6800,13600
2432,FRESA,1000g,1,6600,6600
2432,GUANABANA,1000g,1,7500,7500
2432,LULO,750g,1,7000,7000
2432,MANGO,750g,1,7500,7500
2432,MARACUYA ,750g,1,7200,7200
2432,MORA,750g,1,6800,6800
2433,FRESA,1000g,1,6000,6000
2433,LULO,1000g,3,6600,19800
2433,MANGO,1000g,3,7500,22500
2433,MARACUYA,1000g,4,7500,30000
2433,MORA,1000g,1,6800,6800
2434,FRESA,1000g,4,6000,24000
2434,GUANABANA,1000g,2,7500,15000
2434,LULO,1000g,2,6500,13000
2434,MANGO,1000g,2,6800,13600
2434,MORA,1000g,3,6600,19800
2435,FRESA,1000g,4,6000,24000
2435,GUANABANA,1000g,1,7500,7500
2435,GUAYABA,1000g,1,6000,6000
2435,LULO,1000g,2,6500,13000
2435,MANGO,1000g,3,6800,20400
2435,MARACUYA,1000g,1,7200,7200
2435,MORA,1000g,1,6600,6600
2436,CURUBA,125g,30,800,24000
2436,FEIJOA,120g,30,800,24000
2436,FRESA,190g,50,1050,52500
2436,GUAYABA,750g,5,4000,20000
2436,LULO,120g,100,800,80000
2436,MANGO,100g,20,800,16000
2436,MORA  ,750g,5,4950,24750
2436,PIÑA ,1000g,5,6600,33000
2436,UVA,180g,30,1200,36000
2437,DURAZNO,125g,20,1100,22000
2437,FEIJOA,120g,30,800,24000
2437,FRESA,190g,60,1050,63000
2437,GUAYABA,100g,10,660,6600
2437,GUAYABA,750g,5,4000,20000
2437,LULO,120g,30,800,24000
2437,LULO,750g,5,800,4000
2437,MANGO,120g,40,800,32000
2437,MORA,110g,30,800,24000
2437,MORA  ,750g,5,4950,24750
2437,PIÑA ,1000g,5,6600,33000
2437,UVA,180g,30,1200,36000
2438,FRESA,130g,60,750,45000
2438,GUANABANA,130g,20,1000,20000
2438,LULO,130g,60,750,45000
2438,MANGO,130g,40,1000,40000
2438,UVA,130g,20,1000,20000
2439,FEIJOA,120g,50,800,40000
2439,FRESA,190g,100,1050,105000
2439,GUAYABA,100g,20,660,13200
2439,LULO,120g,50,800,40000
2439,LULO,750g,5,4950,24750
2439,MANGO,100g,30,800,24000
2439,MORA,110g,40,800,32000
2439,MORA  ,750g,5,4950,24750
2439,PIÑA ,1000g,5,6600,33000
2439,UVA,180g,30,1200,36000
2440,FRESA,190g,60,1050,63000
2440,LULO,750g,6,4950,29700
2440,PIÑA ,1000g,6,6600,39600
2441,GULUPA,1000g,2,8000,16000
2441,MARACUYA,1000g,1,7500,7500
2442,FRESA ,750g,5,4300,21500
2442,GUAYABA,750g,5,4850,24250
2442,LULO,100g,2,6800,13600
2442,LULO,750g,5,4950,24750
2442,MANGO,750g,5,4950,24750
2442,MARACUYA ,1000g,2,7500,15000
2442,MARACUYA ,750g,5,5500,27500
2442,MORA  ,750g,5,4950,24750
2442,MORA  ,100g,1,6600,6600
2442,PIÑA ,1000g,5,6200,31000
2443,DURAZNO,1000g,2,7500,15000
2443,MANGO,1000g,2,7500,15000
2443,PIÑA,1000g,2,6800,13600
2444,FRESA,1000g,3,6600,19800
2444,LULO,1000g,2,6800,13600
2444,MANGO BICHE,1000g,2,7800,15600
2444,MORA,1000g,2,6800,13600
2444,TAMARINDO,1000g,2,10000,20000
2445,DURAZNO,1000g,2,7500,15000
2445,MANGO,1000g,2,7500,15000
2445,PIÑA,1000g,2,6800,13600
2446,FEIJOA,1000g,3,6800,20400
2446,FRESA,1000g,5,6000,30000
2446,GUANABANA,1000g,2,7500,15000
2446,GUAYABA,1000g,1,6000,6000
2446,LULO,1000g,5,6500,32500
2446,MANGO,1000g,5,6800,34000
2446,MARACUYA,1000g,1,7200,7200
2446,MORA,1000g,4,6600,26400
2447,FRESA,1000g,2,6000,12000
2447,GUANABANA,1000g,1,7500,7500
2447,LULO,1000g,2,6600,13200
2447,MANGO,1000g,1,7500,7500
2448,TAMARINDO,1000g,10,10000,100000
2449,FEIJOA,1000g,2,6800,13600
2449,FRESA,1000g,2,6000,12000
2449,GUANABANA,1000g,2,7500,15000
2449,LULO,1000g,2,6500,13000
2449,MANGO,1000g,2,6800,13600
2449,MARACUYA,1000g,2,7200,14400
2449,MORA,1000g,2,6600,13200
2450,FEIJOA,1000g,2,6800,13600
2450,FRESA,1000g,4,6000,24000
2450,GUANABANA,1000g,4,7500,30000
2450,LULO,1000g,4,6500,26000
2450,MANGO,1000g,4,6800,27200
2450,MORA,1000g,4,6600,26400
2451,FRESA,190g,20,1050,21000
2451,GUAYABA,100g,10,660,6600
2451,LULO,120g,50,800,40000
2451,MANGO,120g,60,800,48000
2451,UVA,180g,20,1200,24000
2452,FRESA,190g,80,1050,84000
2452,LULO,120g,50,800,40000
2452,LULO,750g,10,4950,49500
2452,MANGO,120g,50,800,40000
2452,MORA  ,750g,10,4950,49500
2452,PIÑA ,1000g,10,6600,66000
2452,UVA,180g,30,1200,36000
2453,FRESA,1000g,2,6600,13200
2453,GUANABANA,1000g,1,7800,7800
2453,LULO,750g,1,7000,7000
2453,MARACUYA,750g,1,7800,7800
2453,MORA  ,750g,1,7000,7000
2454,DURAZNO,125g,20,1100,22000
2454,FEIJOA,120g,20,800,16000
2454,FRESA,190g,70,1050,73500
2454,LULO,120g,40,800,32000
2454,LULO,750g,10,4950,49500
2454,MANGO,100g,50,800,40000
2454,MANGO,750g,10,5200,52000
2454,MORA,110g,20,800,16000
2454,MORA  ,750g,10,4950,49500
2454,PIÑA ,1000g,6,6600,39600
2454,UVA,180g,20,1200,24000
2455,FEIJOA,120g,20,800,16000
2455,FRESA,190g,30,1050,31500
2455,GUAYABA,750g,6,4950,29700
2455,GUAYABA,100g,10,660,6600
2455,LULO,120g,30,800,24000
2455,LULO,750g,6,4950,29700
2455,MANGO,120g,20,800,16000
2455,MANGO,750g,6,5200,31200
2455,MORA X750,750g,6,4950,29700
2455,UVA,180g,30,1200,36000
2456,FRUTOS ROJOS,1000g,2,8000,16000
2456,LULO,1000g,2,7000,14000
2456,MORA ,1000g,2,7000,14000
2456,UVA,1000g,2,7000,14000
2457,FEIJOA,1000g,2,6800,13600
2457,FRESA,1000g,4,6000,24000
2457,GUANABANA,1000g,2,7500,15000
2457,LULO,1000g,4,6500,26000
2457,MANGO,1000g,5,6800,34000
2457,MORA,1000g,2,6600,13200
2458,FRESA ,170g,11.9,5000,59500
2458,FRUTOS ROJOS,160g,8,6000,48000
2458,GUANABANA,130g,7.8,6300,49140
2458,MANGO,130g,7.2,6300,45360
2458,MARACUYA ,110g,3.3,8500,28050
2458,MORA  ,150g,12,6000,72000
2459,LULO,1000g,1,6800,6800
2459,MANGO,1000g,1,7000,7000
2459,MARACUYA,1000g,1,7500,7500
2459,MORA,1000g,2,6800,13600
2460,FRESA,1000g,1,6000,6000
2460,GUANABANA,1000g,1,7500,7500
2460,LULO,1000g,1,6600,6600
2460,MANGO,1000g,2,7500,15000
2460,MORA,1000g,2,6800,13600
2460,PIÑA,1000g,1,6600,6600
2461,FRESA,1000g,4,6600,26400
2461,MANGO BICHE,1000g,2,7800,15600
2461,MARACUYA,1000g,1,7800,7800
2461,MORA,1000g,2,6800,13600
2461,PIÑA,1000g,1,6600,6600
2461,TAMARINDO,1000g,3,10000,30000
2462,FEIJOA,1000g,1,6800,6800
2462,LULO,1000g,1,6800,6800
2462,MANGO,1000g,2,6800,13600
2462,MARACUYA ,1000g,2,7500,15000
2462,MORA,1000g,2,6500,13000
2463,ARAZA,1000g,1,7500,7500
2463,FEIJOA,1000g,1,7500,7500
2463,GULUPA,1000g,2,7500,15000
2463,LULO,1000g,1,6800,6800
2463,MANGO,1000g,1,6800,6800
2463,TAMARINDO,1000g,10,10000,100000
2464,GUANABANA,130g,40,1000,40000
2464,LULO,130g,50,750,37500
2464,MANGO,130g,50,1000,50000
2464,UVA,130g,50,1000,50000
2465,DURAZNO,125g,10,1100,11000
2465,FRESA,190g,50,1050,52500
2465,GUAYABA,750g,10,4000,40000
2465,LULO,120g,30,800,24000
2465,LULO,750g,10,4950,49500
2465,MANGO,100g,50,800,40000
2465,MORA,110g,10,800,8000
2465,MORA  ,750g,10,4950,49500
2465,UVA,180g,10,1200,12000
2466,TAMARINDO,1000g,10,10000,100000
2467,FRESA,1000g,3,6000,18000
2467,GUANABANA,1000g,2,7500,15000
2467,LULO,1000g,3,6500,19500
2467,MANGO,1000g,3,6800,20400
2467,MARACUYA,1000g,1,7200,7200
2467,MORA,1000g,2,6600,13200
2468,GUANABANA,1000g,1,7500,7500
2468,LULO,1000g,2,6800,13600
2468,MANGO,1000g,2,6800,13600
2469,DURAZNO,1000g,2,7800,15600
2469,GUANABANA,1000g,2,7800,15600
2469,MANGO,1000g,2,7500,15000
2470,FRESA,1000g,1,6600,6600
2470,GUANABANA,1000g,1,7500,7500
2470,LULO,1000g,2,6800,13600
2470,MANGO,1000g,2,7000,14000
2470,MARACUYA,1000g,2,7500,15000
2470,MORA,1000g,2,6800,13600
2471,DURAZNO,125g,20,1100,22000
2471,FEIJOA,120g,30,800,24000
2471,FRESA,190g,70,1050,73500
2471,LULO,120g,30,800,24000
2471,LULO,750g,10,4950,49500
2471,MANGO,120g,20,800,16000
2471,MORA,110g,50,800,40000
2471,MORA  ,750g,10,4950,49500
2471,PIÑA ,1000g,10,6600,66000
2471,UVA,180g,20,1200,24000
2472,DURAZNO,125g,10,1100,11000
2472,FEIJOA,120g,10,800,8000
2472,FRESA,190g,70,1050,73500
2472,GUAYABA,750g,4,4000,16000
2472,LULO,120g,40,800,32000
2472,MANGO,120g,30,800,24000
2472,MANGO,750g,4,5250,21000
2472,MORA,110g,30,800,24000
2472,MORA  ,750g,4,4950,19800
2472,UVA,180g,30,1200,36000
2473,DURAZNO,1000g,2,7800,15600
2473,MANGO,1000g,2,7500,15000
2473,PIÑA,1000g,2,7000,14000
2474,DURAZNO,1000g,2,7800,15600
2474,MANGO,1000g,2,7500,15000
2474,PIÑA,1000g,2,7000,14000
2559,GUANABANA,130g,10.4,6000,62400
2559,GUAYABA,130g,2.6,5000,13000
2559,MANGO,120g,7.2,6600,47520
2559,TOMATE DE ARBOL,110g,2.2,5000,11000
2559,UCHUVA,130g,2.6,5000,13000
2565,FRESA ,1000g,5,5800,29000
2565,GUANABANA,100g,2,7500,15000
2565,LULO,100g,2,6600,13200
2565,LULO,1000g,5,6600,33000
2565,MANGO,1000g,2,6600,13200
2565,MANGO,1000g,5,6600,33000
2565,MARACUYA ,1000g,2,7500,15000
2565,MARACUYA ,1000g,5,7500,37500
2565,MORA  ,100g,2,6600,13200
2565,MORA  ,1000g,5,6600,33000
2565,TAMARINDO,100g,2,10000,20000
2566,FRESA,1000g,2,6000,12000
2566,LULO,1000g,3,6600,19800
2566,MARACUYA,1000g,2,7500,15000
2567,FRUTOS ROJOS,160g,1.6,7800,12480
2567,GUANABANA,130g,6.5,6000,39000
2567,MANGO,120g,7.2,6600,47520
2567,MARACUYA ,110g,6.6,8500,56100
2568,ARAZA,1000g,1,7000,7000
2568,FEIJOA,1000g,2,7000,14000
2568,GULUPA CON PEPA,1000g,2,8000,16000
2568,LULO,1000g,1,7000,7000
2568,MANGO ,1000g,1,7000,7000
2568,TAMARINDO,1000g,10,10000,100000
2569,FEIJOA,1000g,5,7000,35000
2569,GULUPA,1000g,2,8000,16000
2569,LULO,1000g,1,7000,7000
2569,MANGO,1000g,1,7000,7000
2569,TAMARINDO,1000g,10,10000,100000
2570,FEIJOA,1000g,2,7000,14000
2570,FRESA,1000g,6,6600,39600
2570,LULO,1000g,2,7000,14000
2570,MANGO,1000g,8,7500,60000
2570,MORA,1000g,4,7000,28000
2585,FRESA,1000g,2,7000,14000
2585,GUANABANA,1000g,1,11000,11000
2585,LULO,1000g,1,8000,8000
2585,MANGO,1000g,1,9000,9000
2585,MORA,1000g,2,8000,16000
2585,UVA,1000g,1,9000,9000
2600,FALAFELS,1u,1930,350,675500
2606,ARAZA,1000g,1,6800,6800
2606,GULUPA,1000g,2,8000,16000
2606,LULO,1000g,1,6800,6800
2606,MANGO,1000g,1,7500,7500
2606,TAMARINDO,1000g,10,10000,100000
2607,GUANABANA,130g,6.5,6200,40300
2607,MANGO,120g,4.8,6600,31680
2607,MARACUYA ,110g,4.4,8300,36520
2607,UVA,200g,2,5000,10000
2608,DURAZNO,125g,20,1100,22000
2608,FRESA,190g,80,1050,84000
2608,GUAYABA,750g,10,4000,40000
2608,LULO,120g,70,800,56000
2608,LULO,750g,10,4950,49500
2608,PIÑA ,1000g,10,6600,66000
2610,DURAZNO,125g,20,1100,22000
2610,FRESA,190g,40,1050,42000
2610,GUAYABA,100g,10,660,6600
2610,LULO,120g,10,800,8000
2610,LULO,750g,10,4950,49500
2610,MANGO,120g,60,800,48000
2610,MORA,110g,30,800,24000
2610,PIÑA ,1000g,10,6600,66000
2610,UVA,180g,10,1200,12000
2611,FRESA,1000g,3,6000,18000
2611,LULO,1000g,3,6500,19500
2611,MANGO,1000g,3,6800,20400
2612,FRESA,130g,20,750,15000
2612,GUANABANA,130g,20,1000,20000
2612,LULO,130g,20,800,16000
2612,MANGO,130g,30,1000,30000
2612,UVA,130g,40,1000,40000
2613,FRESA,1000g,1,6600,6600
2613,MANGO BICHE,1000g,1,7500,7500
2613,MARACUYA ,1000g,1,7500,7500
2613,TAMARINDO,1000g,1,10000,10000
2614,FEIJOA,1000g,2,6800,13600
2614,FRESA,1000g,2,6000,12000
2614,GUANABANA,1000g,2,7500,15000
2614,LULO,1000g,2,6500,13000
2614,MANGO,1000g,4,6800,27200
2614,MORA,1000g,1,6600,6600
2615,FEIJOA,1000g,1,6800,6800
2615,FRESA,1000g,2,6000,12000
2615,GUANABANA,1000g,2,7500,15000
2615,LULO,1000g,3,6500,19500
2615,MANGO,1000g,2,6800,13600
2615,MORA,1000g,3,6600,19800
2616,ARAZA,1000g,1,6800,6800
2616,GULUPA,1000g,2,8000,16000
2616,LULO,1000g,1,6800,6800
2616,MANGO,1000g,1,7500,7500
2617,DURAZNO,1000g,2,7500,15000
2617,GUANABANA,1000g,2,7500,15000
2618,FRESA ,1000g,5,5800,29000
2618,GUANABANA,100g,2,7500,15000
2618,LULO,100g,1,6600,6600
2618,LULO,1000g,5,6600,33000
2618,MANGO,1000g,2,6600,13200
2618,MANGO,1000g,5,6600,33000
2618,MARACUYA ,1000g,1,7500,7500
2618,MORA  ,100g,1,6600,6600
2618,MORA  ,1000g,5,6600,33000
2618,TAMARINDO,100g,1,10000,10000
2619,GULUPA,1000g,1,8000,8000
2619,MARACUYA,1000g,1,7500,7500
2620,MANGO,1000g,10,8000,80000
2621,DURAZNO,125g,40,1100,44000
2621,FEIJOA,120g,50,800,40000
2621,FRESA ,190g,60,1050,63000
2621,GUAYABA,100g,20,660,13200
2621,GUAYABA,750g,10,4000,40000
2621,LULO,120g,20,800,16000
2621,MANGO ,120g,40,800,32000
2621,MORA,110g,60,800,48000
2621,MORA  ,750g,10,4950,49500
2621,PIÑA ,1000g,10,6600,66000
2621,UVA,180g,30,1200,36000
2622,FEIJOA,150g,10,1060,10600
2622,FEIJOA,170g,40,1200,48000
2622,FRESA ,200g,100,1000,100000
2622,GUANABANA,180g,50,1620,81000
2622,LULO,150g,20,1020,20400
2622,MANGO,150g,40,1040,41600
2622,MANGO,170g,80,1175,94000
2622,MARACUYA ,140g,10,1700,17000
2622,MELON,200g,20,980,19600
2622,MORA  ,125g,40,950,38000
2622,PIÑA ,150g,20,990,19800
2622,SANDIA,200g,50,900,45000
2622,SMOTHIE MLF,200g,20,1350,27000
2622,UVA,150g,20,1170,23400
2622,UVA,200g,40,1550,62000
2623,FRESA,1000g,16,6600,105600
2623,GUANABANA,1000g,20,7600,152000
2623,LULO,1000g,20,6800,136000
2623,MORA ,1000g,20,6800,136000
2624,LULO,150g,20,1020,20400
2624,MELON,200g,40,980,39200
2625,DURAZNO,125g,20,1100,22000
2625,FEIJOA,120g,20,800,16000
2625,FRESA,190g,80,1050,84000
2625,GUAYABA,100g,10,660,6600
2625,GUAYABA,750g,8,4000,32000
2625,LULO,120g,30,800,24000
2625,LULO,750g,8,4950,39600
2625,MANGO,120g,20,800,16000
2625,MORA,110g,20,800,16000
2625,PIÑA ,1000g,8,6600,52800
2625,UVA,180g,20,1200,24000
2626,ARAZA,1000g,2,7000,14000
2626,GULUPA CON PEPA,1000g,3,8000,24000
2626,GULUPA,1000g,3,8000,24000
2626,LULO,1000g,2,6800,13600
2626,MANGO,1000g,1,7500,7500
2626,MARACUYA ,1000g,2,7500,15000
2626,TAMARINDO,1000g,6,10000,60000
2627,FRESA,130g,40,750,30000
2627,GUANABANA,130g,20,1000,20000
2627,LULO,130g,20,750,15000
2627,MANGO,130g,20,1000,20000
2628,MANGO,1000g,20,7500,150000
2629,DURAZNO,1000g,1,6800,6800
2629,FEIJOA,1000g,1,6800,6800
2629,MARACUYA,1000g,1,7500,7500
2630,FRESA,1000g,4,6000,24000
2630,GUANABANA,1000g,4,7500,30000
2630,LULO,1000g,4,6500,26000
2630,MANGO,1000g,4,6800,27200
2630,MORA,1000g,4,6600,26400
2631,ARAZA,1000g,1,7000,7000
2631,GULUPA CON PEPA,1000g,2,8000,16000
2631,GULUPA,1000g,1,8000,8000
2631,LULO,1000g,1,6800,6800
2631,MANGO,1000g,1,7500,7500
2631,MARACUYA,1000g,1,7500,7500
2632,DURAZNO,125g,30,1100,33000
2632,FEIJOA,120g,20,800,16000
2632,FRESA,190g,70,1050,73500
2632,GUAYABA,750g,10,4000,40000
2632,LULO,120g,50,800,40000
2632,MANGO,120g,50,800,40000
2632,MORA,110g,10,800,8000
2632,MORA  ,750g,10,4950,49500
2632,PIÑA ,1000g,10,6600,66000
2633,FEIJOA,150g,10,1060,10600
2633,FEIJOA,170g,20,1200,24000
2633,FRESA ,200g,50,1000,50000
2633,FRUTOS ROJOS,1000g,3,8500,25500
2633,GUANABANA,150g,20,1350,27000
2633,GUANABANA,180g,40,1620,64800
2633,LULO,150g,40,1020,40800
2633,MANGO,150g,20,1040,20800
2633,MANGO,170g,70,1175,82250
2633,MARACUYA ,150g,10,1320,13200
2633,MORA  ,125g,10,950,9500
2633,MORA  ,50g,10,380,3800
2633,SANDIA,180g,10,810,8100
2633,SANDIA,200g,20,900,18000
2633,SMOTHIE MLF,200g,20,1350,27000
2634,FRESA,1000g,1,6000,6000
2634,LULO,1000g,1,6800,6800
2634,MANGO BICHE,1000g,3,7500,22500
2634,MARACUYA,1000g,1,7500,7500
2634,MORA,1000g,1,6800,6800
2634,TAMARINDO,1000g,1,10000,10000
